date,tavg,tmin,tmax,prcp,snow,wdir,wspd,wpgt,pres,tsun
01-01-2021,6.4,2.2,13.7,,,0,0,,1018.3,
02-01-2021,9.9,2.6,14,4.3,,2,0.2,,1017.9,
03-01-2021,14.3,11.3,18,20.7,,35,4.1,,1015,
04-01-2021,16.4,11,19.2,13.3,,39,5.2,,1016.7,
05-01-2021,15.6,13,19.9,7.9,,23,2.1,,1015.8,
06-01-2021,14.2,12.4,16.8,13,,352,1.8,,1016.5,
07-01-2021,12.2,9,17,0,,345,0.9,,1015.7,
08-01-2021,12.1,10,16.3,0,,18,0.6,,1015.3,
09-01-2021,10.8,9.4,16.3,0,,325,3.4,,1017.4,
10-01-2021,9.8,8.8,13,0,,353,0.5,,1017.2,
11-01-2021,8.3,7.2,12,0,,326,2.4,,1017.5,
12-01-2021,8.6,6.4,14.7,0,,323,3.6,,1017.3,
13-01-2021,9.2,3.5,14,0,,9,1.6,,1016.2,
14-01-2021,9,5.5,15.8,0,,34,2,,1016.9,
15-01-2021,8.8,4.8,12.9,0,,2,0.4,,1015.4,
16-01-2021,8.2,6.5,12.4,0,,345,1.7,,1014.5,
17-01-2021,7.8,4.7,13.6,0,,46,3.5,,1015.9,
18-01-2021,9.1,5.2,18.1,0,,11,2.8,,1017.8,
19-01-2021,12,5,20,0,,314,5.8,,1015,
20-01-2021,8.8,5,20,0,,321,2.9,,1014.7,
21-01-2021,8.1,3.4,17.8,0,,347,3.4,,1013.4,
22-01-2021,10.3,5.8,17.5,0,,78,4.8,,1013.9,
23-01-2021,11.2,7.8,15.8,5.1,,111,7.6,,1012.1,
24-01-2021,10.4,6,17.6,0,,344,2.9,,1016.9,
25-01-2021,11.2,4.4,18.2,0,,319,4.5,,1018.1,
26-01-2021,11.1,3.8,19.2,0,,345,1.8,,1017.9,
27-01-2021,10.6,1.4,19.8,0,,342,2.3,,1017.6,
28-01-2021,10.8,2.4,20,0,,350,1.7,,1018.2,
29-01-2021,10.8,4,20.4,0,,339,2.7,,1018.9,
30-01-2021,10.5,1.2,19.6,0,,330,2,,1017,
31-01-2021,12.2,3.2,20,0,,353,0.5,,1017.2,
01-02-2021,12.1,5,20.4,0,,347,2.7,,1019.8,
02-02-2021,13.7,3.2,21,0.1,,344,1.6,,1017.6,
03-02-2021,14.7,9.6,21.6,2,,33,8.5,,1016.8,
04-02-2021,12.3,8,21.6,0.5,,41,8.3,,1018.4,
05-02-2021,12.8,6.8,19,0,,355,3.8,,1019.3,
06-02-2021,13.2,6,20.7,0,,336,4.7,,1018.9,
07-02-2021,13.9,5.6,21,0,,329,3.3,,1018,
08-02-2021,13.9,5.5,22,0,,346,2.8,,1018,
09-02-2021,14.6,7.4,22,0,,348,2,,1014.5,
10-02-2021,14.3,9.4,22.1,0,,329,0.9,,1014.2,
11-02-2021,13.8,11,20,0,,359,0.6,,1014.6,
12-02-2021,13.6,11,20,0,,11,0.2,,1015.3,
13-02-2021,14.7,11,21,0,,70,0.5,,1015.4,
14-02-2021,13.4,11,21.2,0,,359,1.7,,1015.5,
15-02-2021,13.4,9.6,19.4,0,,356,0.6,,1013.8,
16-02-2021,14.1,12.6,18,0,,0,2.5,,1013.7,
17-02-2021,14,10.8,21,0,,354,0.8,,1014.9,
18-02-2021,14.2,11,22,0,,348,1.5,,1017.9,
19-02-2021,15.3,9,23,0,,343,1.9,,1019.9,
20-02-2021,15.1,11,23,0,,9,2.5,,1019.3,
21-02-2021,14.8,8.8,24,0,,322,4.1,,1017.6,
22-02-2021,17.9,9.8,26,0,,357,2.2,,1015.5,
23-02-2021,19.2,11.2,27.2,0,,39,3.9,,1012.7,
24-02-2021,19.2,10.8,27.8,0,,358,3.4,,1011.7,
25-02-2021,20.6,12.2,29.6,0,,351,5.9,,1010.5,
26-02-2021,21.9,13.8,29.8,0.5,,37,4.4,,1006.9,
27-02-2021,19.3,16,29.5,0.1,,161,11.9,,1005.9,
28-02-2021,17.5,10.5,25.3,0,,341,3.2,,1011.4,
01-03-2021,17.7,9.8,25.8,0,,335,4.8,,1014.8,
02-03-2021,18.1,10,26.6,0,,306,7,,1014.8,
03-03-2021,18.6,9,27.2,0,,339,4.1,,1012.5,
04-03-2021,19.3,12,27,0,,359,4.1,,1012.8,
05-03-2021,19.2,11.4,28,0,,313,8.1,,1012.5,
06-03-2021,21.2,10.4,29,0,,342,7,,1011,
07-03-2021,19.6,17,28.7,0.3,,72,10.3,,1009.4,
08-03-2021,20.4,14,27,0,,50,9.9,,1012.1,
09-03-2021,21.4,13.2,29,0,,8,5.5,,1013.1,
10-03-2021,21.1,16,29.1,0,,339,5,,1012.9,
11-03-2021,20.9,13,30.2,0,,29,10.4,,1013.4,
12-03-2021,17.7,14.4,30.4,0.3,,10,17,,1017,
13-03-2021,18.9,12.8,27.4,0,,326,6.6,,1017.2,
14-03-2021,20.3,12.8,27.8,0,,326,5.6,,1013.3,
15-03-2021,19.9,13.2,28.2,0,,313,6.6,,1012.5,
16-03-2021,21.2,14,29,0,,325,5.8,,1012.7,
17-03-2021,21.4,14,29.1,0,,340,5,,1011.2,
18-03-2021,22,14.5,29.4,0,,333,6.2,,1011.6,
19-03-2021,22.2,15,30,0,,322,6.7,,1011.2,
20-03-2021,22.4,14,32,0,,326,4.6,,1009.1,
21-03-2021,18.9,15.4,31.6,0.2,,104,10.3,,1009.7,
22-03-2021,20.3,16,27,1.3,,71,7.9,,1011.7,
23-03-2021,19.8,15,26.6,7.9,,95,17.6,,1012.9,
24-03-2021,19.5,13,27,0.8,,329,8.5,,1015.9,
25-03-2021,19.6,12.2,27.3,0,,311,6.7,,1014.1,
26-03-2021,21.3,14,29,0,,323,6,,1011.7,
27-03-2021,22.6,14,31,0,,320,5.4,,1009.7,
28-03-2021,24.1,16.8,32,0,,71,5.4,,1006.3,
29-03-2021,26.1,21,32,0,,123,12.3,,1002.8,
30-03-2021,24.7,18.4,33,0,,331,9.6,,1000.9,
31-03-2021,21.4,12.6,33.5,0,,293,15,,1002.3,
01-04-2021,21.1,12.8,31,0,,293,16.8,,1003,
02-04-2021,20.7,10.8,31.3,0,,298,14.1,,1005.7,
03-04-2021,21,10.8,31.4,0,,346,7.1,,1009.3,
04-04-2021,22,12,32,0,,347,7.1,,1010.1,
05-04-2021,23.7,17.6,32.2,0,,48,9.4,,1009.4,
06-04-2021,22.2,17.4,30.8,4.5,,28,13.1,,1009.2,
07-04-2021,21.9,14.6,32.4,4.1,,350,7.9,,1011.6,
08-04-2021,22.1,13,31.2,0,,309,9,,1010.2,
09-04-2021,23.5,13.8,33,0,,337,6.6,,1011,
10-04-2021,25.1,15,35,0,,338,7.4,,1011.8,
11-04-2021,26.3,17,35,0,,342,5.6,,1011.6,
12-04-2021,27.4,22,35.6,0.3,,337,10.9,,1012.7,
13-04-2021,27.3,18,36,0,,314,9.8,,1011,
14-04-2021,28.4,18.2,37,0,,337,7.1,,1008.8,
15-04-2021,26,22.8,37.8,0,,7,17.7,,1009.5,
16-04-2021,25.5,19,34,1.5,,350,15.8,,1007.5,
17-04-2021,20.8,17,35.3,5.4,,41,11.6,,1009.9,
18-04-2021,24,15,32,0,,357,8.1,,1012.4,
19-04-2021,26.2,17,34,0,,322,10.2,,1008.4,
20-04-2021,22.7,16,34.5,3.1,,340,6.5,,1007.2,
21-04-2021,19.9,17,32.8,1,,15,9.5,,1010.2,
22-04-2021,19.3,14.8,26.3,0,,59,13.1,,1011.3,
23-04-2021,20.3,15,27,0.8,,42,15.3,,1012,
24-04-2021,22.5,12,32,0,,320,7.3,,1011.5,
25-04-2021,26.3,15.8,36,0,,323,6.3,,1010.2,
26-04-2021,28.4,18,38,0,,337,5.1,,1007.7,
27-04-2021,30.5,20,39.4,0,,343,5.2,,1006.9,
28-04-2021,31.8,21,40.8,0,,327,6.4,,1007.4,
29-04-2021,31.1,21.4,40.2,0,,57,8.7,,1007.3,
30-04-2021,31.4,21.2,40.8,0.1,,32,6.8,,1006.8,
01-05-2021,31,24,39,0,,257,9.2,,1006.4,
02-05-2021,31.4,22.6,38.6,0,,94,8.6,,1006.4,
03-05-2021,30.5,24.6,39,0,,213,8.2,,1005.1,
04-05-2021,27.1,24.8,37.5,0.6,,74,12.1,,1004.7,
05-05-2021,27.9,20.6,35.8,0.6,,356,9.8,,1006.9,
06-05-2021,27.9,21,35.2,1.6,,337,7.7,,1007.5,
07-05-2021,25.3,22,35.5,0,,63,9.4,,1009.9,
08-05-2021,27.9,19.6,36,0,,356,7.6,,1008.3,
09-05-2021,27.7,22.4,37.7,0,,56,7.8,,1005.6,
10-05-2021,29.6,21,37.7,1,,33,4,,1003.4,
11-05-2021,26.1,23,37.4,0,,31,11.2,,1004,
12-05-2021,26.1,20,33,0.6,,32,8.8,,1001.9,
13-05-2021,22.9,18.2,33.5,4.1,,75,11.2,,1004.2,
14-05-2021,26.9,19.2,34,0.2,,26,6.1,,1004.5,
15-05-2021,28.3,20,35,0,,357,8.2,,1005.2,
16-05-2021,30.3,22,38,0,,319,5.7,,1006.6,
17-05-2021,31.2,21.8,39.3,0,,333,8,,1006.1,
18-05-2021,31.8,23.3,40,0,,72,9.2,,1004,
19-05-2021,28.5,25.6,40.1,0,,164,10.6,,1003.9,
20-05-2021,28.5,22.2,34.4,0,,287,9.3,,1001.9,
21-05-2021,29.3,23,35.4,2,,100,7.9,,1004.1,
22-05-2021,30.2,24,37,0,,344,8,,1004.4,
23-05-2021,26.1,23,37.2,0,,312,9.2,,1006.2,
24-05-2021,28.9,19.2,37,0,,324,10.9,,1006.5,
25-05-2021,31.3,23.2,39,0,,333,8.8,,1002.8,
26-05-2021,32.1,23,41,0,,335,8.7,,999.6,
27-05-2021,33.6,23.4,42.2,0,,339,7.6,,999.5,
28-05-2021,34.2,26.4,42,0,,57,7.3,,1000.1,
29-05-2021,32.8,28,42,0,,128,15.3,,1001.4,
30-05-2021,32.5,23.6,42,0,,89,9.9,,1002,
31-05-2021,31.5,23.6,40,1.4,,122,17,,999.8,
01-06-2021,27.4,22,41,3,,88,11,,1003.2,
02-06-2021,30.7,24,37,0.6,,187,7.9,,1003.5,
03-06-2021,25.3,22.8,37.6,1.3,,53,11.1,,1006.9,
04-06-2021,28.4,23,34.2,0.1,,36,5.8,,1005.9,
05-06-2021,31.3,23.8,37.6,0.1,,62,7.4,,1004,
06-06-2021,32.8,26.4,39,0,,347,4.5,,1003.1,
07-06-2021,35.1,28.8,41,0,,250,7.1,,1000.2,
08-06-2021,36.2,28.8,43,0,,252,6.9,,997.5,
09-06-2021,36.4,29.7,43.1,0,,230,8.7,,995.5,
10-06-2021,35.1,29,43.4,0,,163,14.1,,995.3,
11-06-2021,32.4,27.6,43.2,0,,96,13.2,,995.9,
12-06-2021,32,23.2,40,0.5,,128,15.3,,997,
13-06-2021,27.1,22,38.4,15,,155,13.1,,1000,
14-06-2021,29.8,24,35.6,0,,15,5.5,,997.8,
15-06-2021,30.2,24.6,36.5,0,,343,8.2,,994.2,
16-06-2021,27.2,24,36.1,1,,74,9.9,,998.3,
17-06-2021,29.2,22.6,35,0,,358,2.3,,1000.2,
18-06-2021,32.6,26.4,39,0.1,,334,4.2,,999.5,
19-06-2021,31.6,26.8,39,0,,142,11.9,,999.6,
20-06-2021,30.8,26,39.6,0.1,,124,11.8,,1000.9,
21-06-2021,31.7,26,38.2,0,,325,6.5,,1002,
22-06-2021,33.1,25.8,39.4,0,,306,6.2,,1000.6,
23-06-2021,34.8,27.2,41,0,,308,4.7,,1000.5,
24-06-2021,29.5,26,41.3,1.4,,81,11.8,,1001.4,
25-06-2021,32.2,23,38,1.7,,65,7.2,,999.7,
26-06-2021,28.5,22.4,38.4,26.9,,48,10.4,,1003,
27-06-2021,32,26,38,0,,310,3,,1004.8,
28-06-2021,34,28.8,41,0,,313,6.2,,1002.8,
29-06-2021,35.1,28.4,41.2,0,,305,8.2,,999.3,
30-06-2021,35.3,28,42,0,,223,8.5,,995.8,
01-07-2021,33.6,29.8,41,0,,167,12.4,,994.3,
02-07-2021,33,24.2,39.6,0,,149,10.3,,996.2,
03-07-2021,29.9,23,40,0,,61,12.1,,1000.1,
04-07-2021,32.8,27.6,38,1.4,,216,7.4,,1001.3,
05-07-2021,32.8,25.8,38.5,0,,32,8.4,,1002,
06-07-2021,34.7,29.8,40,0,,320,5,,1000,
07-07-2021,34.7,30,40.6,0,,283,8,,998.5,
08-07-2021,34.3,27.6,41.2,0,,343,5.9,,997.9,
09-07-2021,32.2,27.4,40,0.2,,89,9.2,,999.9,
10-07-2021,31.4,28.6,36.7,1.1,,57,5.5,,1000.1,
11-07-2021,29.5,24,36.5,11.3,,68,8.1,,1001.4,
12-07-2021,25.6,22.4,34,18.5,,97,15.9,,1003.6,
13-07-2021,28.2,25,33,27.9,,59,8.1,,1003.7,
14-07-2021,29.4,26.8,34.4,1.1,,44,5.5,,1003.2,
15-07-2021,30.6,27,35,0.4,,94,4.2,,1003.4,
16-07-2021,32.2,28,36,0.1,,64,3.6,,1004.4,
17-07-2021,33.3,30,37,0.6,,344,2.9,,1001.2,
18-07-2021,33,30.4,37.2,0,,103,8.5,,996.9,
19-07-2021,28.7,27.6,37.6,3.4,,120,18.1,,996.7,
20-07-2021,25.6,23.8,31.6,11.9,,97,9,,998.4,
21-07-2021,27.4,23,31,8.8,,333,8.5,,997.1,
22-07-2021,29.8,26.4,33,6.1,,49,2.9,,996.4,
23-07-2021,30.9,28,34.4,1,,47,4.7,,998.3,
24-07-2021,31.8,27,35,0,,32,3.2,,998.9,
25-07-2021,32.1,29,35.6,0.5,,55,2.8,,997.8,
26-07-2021,29.7,28.4,36.2,2,,113,7.7,,996.5,
27-07-2021,29,27.6,32.4,4.1,,112,9.2,,994,
28-07-2021,26.2,24,30.8,0,,139,12.1,,995.8,
29-07-2021,28.2,24,32,6.6,,64,5.3,,997,
30-07-2021,29.4,25.6,33,5.1,,91,8.1,,998.7,
31-07-2021,29.4,26.8,33.2,0,,54,6,,999.8,
01-08-2021,30.7,26.6,36.6,0.3,,240,5.5,,997.7,
02-08-2021,29.9,27,35.2,0,,80,3.6,,998.4,
03-08-2021,29.6,26.5,34.5,2,,117,7.1,,1000.1,
04-08-2021,30.7,26.3,35,0,,63,2.9,,1000.9,
05-08-2021,30.8,28,34.8,6.2,,54,4.4,,999.8,
06-08-2021,28.1,22.6,34.5,23.1,,29,7.8,,1000.7,
07-08-2021,30.9,27,34.4,0.1,,31,3.2,,1001.6,
08-08-2021,29.7,25,35.1,0.6,,60,4.4,,1002.9,
09-08-2021,28.9,24.8,35,3.2,,348,4.7,,1003.2,
10-08-2021,30.9,27.8,35,0.3,,4,5.2,,1001.1,
11-08-2021,30.9,26.6,35.7,1.7,,249,6.4,,1000.9,
12-08-2021,31.8,28,35.2,0,,224,4.6,,1002,
13-08-2021,30.5,28,36,0.1,,182,6.5,,1000.3,
14-08-2021,30.5,27,36,0.8,,30,6.4,,998.6,
15-08-2021,29,25,35.7,1.7,,24,5.3,,1000.7,
16-08-2021,30.7,27,35,0,,341,2.9,,1003.9,
17-08-2021,31.5,27,35,0,,326,3.8,,1003.7,
18-08-2021,32.1,28,36,0,,345,3.7,,1001.4,
19-08-2021,32.1,28.4,36.2,0,,320,3.4,,1000.4,
20-08-2021,29.9,28,36.6,0.3,,112,6.7,,1002.9,
21-08-2021,28.7,25.8,36,0.1,,72,5.8,,1006.6,
22-08-2021,26.2,25.8,31.5,23.1,,40,4.3,,1006.2,
23-08-2021,29.2,24.8,34,0,,18,1.7,,1003,
24-08-2021,30.7,27,35,0,,237,5,,1000.5,
25-08-2021,31.6,28,36.4,0,,178,6.8,,998,
26-08-2021,31.1,27,36.8,0,,172,5.1,,997,
27-08-2021,31.2,27.6,36.5,0,,143,4,,999.1,
28-08-2021,30.6,26,36.5,0.6,,69,7.2,,1000.9,
29-08-2021,28.8,25.2,35.2,0.8,,104,5.8,,1002,
30-08-2021,28.7,24,35,4.1,,105,6.3,,1005.7,
31-08-2021,27.3,21,33,33,,42,5.7,,1008.2,
01-09-2021,28.9,25.2,32.3,6.1,,340,3.5,,1007.6,
02-09-2021,29.2,25.8,33,0.4,,14,3.5,,1005.2,
03-09-2021,26.2,23.2,33.8,3.3,,40,4.9,,1004.2,
04-09-2021,28.4,24,32,0,,3,2.8,,1003.3,
05-09-2021,29.6,26,34,0.4,,36,3,,1003.2,
06-09-2021,30.5,27,34.5,0,,334,3.2,,1004.2,
07-09-2021,28.9,27,35.2,0.9,,61,4.7,,1005.7,
08-09-2021,27.5,26,33,0.3,,84,5.8,,1005.6,
09-09-2021,26.9,25.6,32.2,1,,29,3.6,,1004.7,
10-09-2021,24.9,23,33,20,,51,6.5,,1004.9,
11-09-2021,24.6,23,26,1.8,,56,8.9,,1005.7,
12-09-2021,24.1,23.3,26.5,3.3,,37,7.1,,1004.1,
13-09-2021,27.2,22,32,0,,4,2,,1003,
14-09-2021,29.1,25,33.6,0.5,,29,2.2,,1005.6,
15-09-2021,29.9,25.7,34.2,0,,329,4.3,,1006.1,
16-09-2021,29.6,26,34,0.4,,308,6.6,,1003.4,
17-09-2021,27.3,24,34.3,0,,84,7.3,,1004.2,
18-09-2021,28.5,25,32,0.1,,334,3.4,,1005.6,
19-09-2021,29.7,26.4,33,0.2,,349,3,,1007.2,
20-09-2021,29.7,25.6,34.4,0.7,,356,4.2,,1006.1,
21-09-2021,25.8,21.2,34,40.9,,66,6.4,,1005.6,
22-09-2021,26.2,23.3,30,5.6,,101,6.1,,1005,
23-09-2021,24.9,22.2,30.5,0,,74,9.4,,1007.5,
24-09-2021,26.8,22,32,0.8,,356,2.6,,1008.4,
25-09-2021,28.3,23.8,32.5,0,,329,4.3,,1006.4,
26-09-2021,28.8,24.6,33,0.4,,342,3,,1006.5,
27-09-2021,28.9,24.7,33.4,0,,334,3,,1007,
28-09-2021,29.3,25.7,34.7,0.3,,22,1.5,,1007.5,
29-09-2021,29.5,25.6,34,0.1,,14,1.1,,1008.8,
30-09-2021,28.9,26,34.8,2,,341,2.4,,1009.6,
01-10-2021,28.9,24.8,33.8,0.8,,1,3.9,,1008.9,
02-10-2021,27.2,23,33.3,14,,10,4.5,,1007.7,
03-10-2021,28.8,24.8,33.2,0.4,,7,2.8,,1005.3,
04-10-2021,26.5,21.4,33.8,3,,53,9.2,,1005.3,
05-10-2021,27.3,23,32,0.6,,9,2.8,,1008.4,
06-10-2021,27.2,23.4,33,0,,322,5.2,,1008.8,
07-10-2021,27.5,23,32.4,0,,317,5.3,,1006.6,
08-10-2021,28.3,23.6,34,0,,350,2.6,,1005.4,
09-10-2021,27.9,22.7,34.3,0,,348,1.9,,1006.2,
10-10-2021,28.1,22.3,34,0,,91,6.8,,1005.7,
11-10-2021,26.7,20.4,34.2,0,,98,8.9,,1005.4,
12-10-2021,25.6,20.5,34.2,0,,3,2.9,,1006.8,
13-10-2021,25.3,20,32.6,0,,340,1.7,,1008,
14-10-2021,24.4,17.6,32.3,0,,341,3,,1007.9,
15-10-2021,24.7,18,32.4,0,,342,4.7,,1005.4,
16-10-2021,25.9,18.3,33.2,0,,333,2.4,,1006.1,
17-10-2021,25.2,22,34.1,1,,53,6.2,,1008,
18-10-2021,24.1,21,30.1,0.3,,15,6.1,,1007.2,
19-10-2021,24.1,19,30.4,0,,329,4.6,,1008,
20-10-2021,24.5,18.8,32,0,,342,3.8,,1010.5,
21-10-2021,23.7,16.5,32.6,0,,334,2.9,,1009.8,
22-10-2021,24.6,17.6,32.6,0,,117,6.7,,1008.9,
23-10-2021,20.9,16.2,31.9,35.5,,106,19.8,,1010.7,
24-10-2021,18.3,16,29.6,8.9,,75,15.3,,1015.6,
25-10-2021,19,13,25,0,,333,4.2,,1016.2,
26-10-2021,19.5,14,26.4,0,,335,3,,1013.9,
27-10-2021,20.1,14,27,0,,347,2.4,,1016,
28-10-2021,20.4,13.8,28.2,0,,336,3.1,,1015.9,
29-10-2021,20.2,13,29,0,,348,3.2,,1017.7,
30-10-2021,20.6,13.6,29.2,0,,341,4.4,,1016.8,
31-10-2021,20,13.3,29.1,0,,347,1.4,,1013.5,
01-11-2021,20.7,13.4,29.1,0,,68,7.8,,1013.1,
02-11-2021,21,18.4,27.2,0.8,,30,17.1,,1015.3,
03-11-2021,20.4,15.4,27.4,0.4,,7,7.1,,1015.5,
04-11-2021,18.9,11.8,28,0,,342,2.8,,1014.6,
05-11-2021,18.9,12,28.2,0,,4,2.5,,1014.3,
06-11-2021,18.6,13,27.5,0,,327,5,,1012.8,
07-11-2021,18.4,10.9,27.3,0,,342,2.2,,1012.3,
08-11-2021,19.1,12,28,0,,347,5.2,,1014.3,
09-11-2021,18.9,11.9,28.2,0,,341,2.9,,1014.7,
10-11-2021,19.4,12.4,28.7,0,,0,0,,1014.1,
11-11-2021,18.9,12.5,29.2,0,,356,1.2,,1013.9,
12-11-2021,18.5,11,28,0,,341,2.6,,1014.3,
13-11-2021,17.8,11,28.4,0,,344,2.6,,1014.3,
14-11-2021,18,10.8,28,0,,355,1.7,,1013,
15-11-2021,16.8,9.5,27.7,0,,344,2.7,,1012.8,
16-11-2021,16.4,9,25.6,0,,347,2,,1013.7,
17-11-2021,16.5,10,26,0,,5,1.1,,1015.8,
18-11-2021,15.9,8,26.5,0,,352,1.8,,1014.5,
19-11-2021,15.3,8.7,25.2,0,,348,0.8,,1012.6,
20-11-2021,15.9,9,25,0,,355,0.8,,1012.7,
21-11-2021,15.7,9,25.4,0,,328,3.2,,1014.5,
22-11-2021,15.6,6.5,26,0,,327,4.6,,1013.9,
23-11-2021,15.8,8,26.4,0,,342,3,,1011.7,
24-11-2021,16.6,9,26.5,0,,34,1.5,,1013.7,
25-11-2021,16.4,9.2,25.6,0,,2,1,,1015.6,
26-11-2021,16.1,9,25.4,0,,7,1.5,,1015.1,
27-11-2021,16.3,9.6,24.7,0,,32,1.7,,1016.2,
28-11-2021,15.4,8.9,24.2,0,,11,0.8,,1018.6,
29-11-2021,15.2,8,24,0,,342,3.1,,1019,
30-11-2021,14.8,7,24.2,0,,341,2.9,,1017.3,
01-12-2021,15.3,8.9,23.9,0,,4,0.3,,1018.2,
02-12-2021,15.2,12,23.2,0,,355,1.3,,1017.7,
03-12-2021,15.9,9,24,0,,16,1.4,,1018,
04-12-2021,17.4,11,25.6,0,,351,1.2,,1016.4,
05-12-2021,16.7,12.6,25.7,1.6,,32,2.2,,1016.5,
06-12-2021,15.3,11,23,0,,1,1.9,,1017.8,
07-12-2021,14.7,8,22.5,0,,344,2.1,,1018.8,
08-12-2021,14.2,7.7,22.6,0,,346,1.5,,1018,
09-12-2021,14.2,8,22,0,,350,1.3,,1020.7,
10-12-2021,14.1,7,22.6,0,,344,2.3,,1020.5,
11-12-2021,13.1,5.1,22.9,0,,332,2.5,,1019,
12-12-2021,12.9,6.6,22.2,0,,359,1.4,,1019.7,
13-12-2021,12.5,5.8,21.7,0,,2,0.3,,1018.7,
14-12-2021,12,5.5,20.6,0,,28,2.3,,1018.3,
15-12-2021,9.7,4,18.6,0,,343,1.9,,1019.1,
16-12-2021,9.1,7.3,17.2,0,,350,3.4,,1019.9,
17-12-2021,7.6,6,12.2,0,,319,5,,1022.1,
18-12-2021,7.3,1,15,0,,338,2.5,,1021.3,
19-12-2021,7.5,0,17,0,,330,3.3,,1020.5,
20-12-2021,9.6,2,18.2,0,,351,2.6,,1018.9,
21-12-2021,10.8,4.8,18.6,0,,354,2,,1018.1,
22-12-2021,11.5,6,19,0.7,,348,2.1,,1015.5,
23-12-2021,13.4,9.2,20,0.6,,15,3.7,,1014.8,
24-12-2021,12,7,20.4,0,,0,0.7,,1014.9,
25-12-2021,11.9,4.9,20.5,0,,2,1.2,,1016.8,
26-12-2021,11.8,6.9,20.4,0.5,,20,3.5,,1019,
27-12-2021,12.1,6,19,0,,345,2.4,,1020.7,
28-12-2021,11.2,4.8,19.5,0,,334,5.5,,1019.7,
29-12-2021,10.1,2.4,18.9,0,,325,3.9,,1019.9,
30-12-2021,10.5,5,18.2,0,,5,0.5,,1023.9,
31-12-2021,10.8,4.8,19.1,0,,349,2.4,,1023.6,
01-01-2022,11.3,5,19.2,0,,348,1.1,,1022.2,
02-01-2022,11.4,4.9,19.5,0,,340,2.9,,1020.9,
03-01-2022,12.6,6,19.5,0,,349,1.3,,1018.9,
04-01-2022,13.1,10.6,17.4,0.5,,4,1.7,,1018.6,
05-01-2022,12.8,11,16.7,0.3,,83,7.5,,1015.7,
06-01-2022,13.1,10.4,14.7,2,,56,4.3,,1017.2,
07-01-2022,13.5,10.9,16,26,,78,9,,1015,
08-01-2022,13.4,12,16.5,33,,35,6.6,,1015.3,
09-01-2022,13.2,10,17,0.7,,359,1,,1016.4,
10-01-2022,10.3,8,17.4,0,,347,1.2,,1018.5,
11-01-2022,10.2,7.8,16,0,,354,0.7,,1018.7,
12-01-2022,8.3,4,16.1,0,,352,1.1,,1017.6,
13-01-2022,8.8,5.6,12.5,0,,9,1.8,,1018.2,
14-01-2022,8.8,5.7,12,0,,0,1,,1019.4,
15-01-2022,10.7,9,13,0,,353,0.7,,1020.4,
16-01-2022,10.2,8.4,13.8,0,,324,3.7,,1020.7,
17-01-2022,10.7,9,12.2,0,,7,1,,1021.7,
18-01-2022,10.4,9.8,14.2,0,,340,4,,1019.7,
19-01-2022,11.3,6.6,14.2,3.7,,347,1.4,,1016.4,
20-01-2022,10.8,9.4,13.7,0.4,,349,0.6,,1012.6,
21-01-2022,11.5,9,13.5,0.4,,1,1.8,,1012.5,
22-01-2022,11.7,8.2,14,0.3,,61,7.2,,1007.5,
23-01-2022,11.9,11,13.4,37.1,,87,9,,1009.8,
24-01-2022,10.8,9,13.3,0,,0,0.5,,1014.3,
25-01-2022,10.3,7,15,0,,344,1.9,,1015.2,
26-01-2022,9.8,8,15.7,0,,327,2.7,,1016,
27-01-2022,9.3,4.7,17,0,,340,1.8,,1017.8,
28-01-2022,10.6,4,18,0,,332,4,,1017.1,
29-01-2022,11.5,5,19.2,0,,342,3,,1017.5,
30-01-2022,11.6,3.4,21,0,,344,3.2,,1012.7,
31-01-2022,12.4,5.8,20.9,0,,359,0.2,,1011.5,
01-02-2022,11.5,7,20.5,0,,338,2.8,,1012.5,
02-02-2022,12.3,5,20.2,1.1,,33,4.1,,1010.5,
03-02-2022,10.9,10.4,18.2,6.1,,34,7.5,,1010,
04-02-2022,9.8,5.8,15,0.1,,2,2.3,,1011.2,
05-02-2022,8.4,6.6,15.5,0,,2,4.9,,1014.9,
06-02-2022,10.2,7,15,0.3,,60,2.2,,1016.5,
07-02-2022,13.4,8,20,0.3,,357,2.6,,1016,
08-02-2022,13.8,7.8,21,0,,343,3.2,,1014.3,
09-02-2022,14.1,7.6,21.5,0.1,,334,4,,1015.7,
10-02-2022,13,6,21.2,0,,339,4.4,,1018.3,
11-02-2022,12.6,6,21,0,,321,6.9,,1016.1,
12-02-2022,13.4,6,21.4,0,,346,2.6,,1014.6,
13-02-2022,14.5,7,22,0,,36,3.3,,1013.6,
14-02-2022,14.6,8,22.9,0,,4,1.7,,1014,
15-02-2022,14.3,7.8,21.5,0.2,,343,2.5,,1014.1,
16-02-2022,13.9,6,23,0,,333,3,,1012.1,
17-02-2022,14.6,7,23,0,,337,2.8,,1011.6,
18-02-2022,14.2,6.8,23.1,0,,319,5.1,,1013.4,
19-02-2022,15,8.9,23,0,,321,5.3,,1014.4,
20-02-2022,15.1,9,23,0,,313,7,,1008.2,
21-02-2022,15.3,5.8,23.3,0,,15,3.9,,1007.6,
22-02-2022,17.1,10,23.2,13.3,,83,13.9,,1007.8,
23-02-2022,16,11,24,0.8,,194,12.1,,1014,
24-02-2022,15.6,8,22,0.9,,336,6.2,,1016.7,
25-02-2022,15.3,10.8,22.4,7.3,,58,9.6,,1016.5,
26-02-2022,12.8,10,22.8,18,,43,14,,1018.7,
27-02-2022,13.3,6,21,0,,335,6.8,,1020.7,
28-02-2022,14.6,8,22,0,,327,4.8,,1017.4,
01-03-2022,16.6,11,23,1.6,,350,3.6,,1017.1,
02-03-2022,17.7,10.6,24,0.1,,325,5,,1017.1,
03-03-2022,13.9,10.8,24.4,5.7,,337,8.6,,1017.2,
04-03-2022,15.4,9,23,0,,305,8.4,,1017.9,
05-03-2022,16.9,10,24,0,,330,3.7,,1015.1,
06-03-2022,19.2,13.6,25.6,0,,17,3.1,,1013.5,
07-03-2022,18.6,14.2,25.8,0,,340,11.8,,1016.4,
08-03-2022,18.8,12,26,0,,307,6.6,,1015.1,
09-03-2022,18.7,9.6,26.8,0,,325,6.7,,1014.2,
10-03-2022,19.2,12.4,26.4,0,,319,5.9,,1013.4,
11-03-2022,19.8,13,27,0,,323,5.6,,1013.5,
12-03-2022,20.6,13.4,28,0,,336,3.9,,1011.6,
13-03-2022,21.8,14,30,0,,337,3.6,,1010.9,
14-03-2022,23.3,16,31,0,,348,3.9,,1010.3,
15-03-2022,23.8,17,32,0,,326,5.2,,1008.3,
16-03-2022,24.2,17,32,0,,299,9.4,,1005.9,
17-03-2022,24.4,17,32,0,,4,3.9,,1006.2,
18-03-2022,26.1,20.7,33.2,0,,81,6.6,,1007.4,
19-03-2022,26.7,21.8,33.8,0,,52,4.9,,1005.6,
20-03-2022,25.1,20,34.2,0.3,,20,4,,1004.7,
21-03-2022,24.7,18,32.4,0,,325,5.2,,1007.6,
22-03-2022,23.6,16.2,32.5,0,,309,8.2,,1007.4,
23-03-2022,25.3,16.6,32.4,0,,44,4.8,,1006.8,
24-03-2022,24.8,18,33.4,0,,343,6.6,,1005.9,
25-03-2022,23.2,15.8,33.2,0,,304,7.4,,1007.6,
26-03-2022,23.7,14,33,0,,298,9.2,,1008.5,
27-03-2022,24.5,14.9,35,0,,44,6.2,,1008,
28-03-2022,26.4,18,35.2,0,,101,5.9,,1007.2,
29-03-2022,26.1,17.8,35.3,0,,3,3.3,,1005.9,
30-03-2022,26.3,18,35,0,,5,3.8,,1006.2,
31-03-2022,25.4,19.1,35,0,,324,6.4,,1008,
01-04-2022,25.2,15.5,35.2,0,,334,5.7,,1007,
02-04-2022,26.7,16.8,36,0,,83,7.5,,1007.5,
03-04-2022,27.2,18.8,36,0,,58,7.5,,1007.7,
04-04-2022,26.7,18,36,0,,321,6.5,,1007.8,
05-04-2022,27.4,17.8,37,0,,335,4,,1010.3,
06-04-2022,28,18,37.2,0,,332,4.7,,1010.2,
07-04-2022,28.7,17.4,39.2,0,,328,4.7,,1009.2,
08-04-2022,30.1,18.5,39.2,0,,326,4.1,,1006.5,
09-04-2022,30.1,20.1,40.2,0,,38,6,,1004.8,
10-04-2022,29.7,19,40.5,0,,338,6,,1004.3,
11-04-2022,31.3,20.2,41.2,0,,336,3.7,,1003,
12-04-2022,31,23.4,41.2,0,,82,7.4,,1002,
13-04-2022,29.8,23.2,39.5,0,,12,10.5,,1002.5,
14-04-2022,29.1,21.6,39,0,,60,8.4,,1002.9,
15-04-2022,28.3,18.7,38.4,0,,25,4.7,,1003.7,
16-04-2022,28.8,19.5,38.3,0,,11,7.1,,1002.9,
17-04-2022,29.5,19,39,0,,44,3.8,,1003.9,
18-04-2022,31.5,20.9,40.4,0,,2,4.8,,1005.5,
19-04-2022,31.3,23,40.5,0,,319,6.9,,1007.5,
20-04-2022,30.8,21.4,40.5,0.1,,299,7,,1005.8,
21-04-2022,27.3,22.4,39.1,8,,64,14.2,,1006.9,
22-04-2022,28.4,20.8,36.5,0,,339,11.5,,1009.1,
23-04-2022,28.4,18.8,37.5,0,,331,8.3,,1008.6,
24-04-2022,28.9,19.8,38,0,,321,8.1,,1006.3,
25-04-2022,31,24,38.7,0.5,,319,8.6,,1004.5,
26-04-2022,30.7,20.8,39.4,0,,326,6.8,,1005.6,
27-04-2022,31.8,20.5,41.5,0,,320,7.2,,1004.1,
28-04-2022,33.4,24,42,0,,345,7.4,,1003.8,
29-04-2022,34.4,26,42,0,,357,10.9,,1004.1,
30-04-2022,33.6,23.6,42,0,,0,7.4,,1000.3,
01-05-2022,34,22,42.3,0,,81,9.5,,999.6,
02-05-2022,33.8,26.5,40.8,0,,117,14.5,,999.6,
03-05-2022,31.4,28.8,39.8,1.3,,93,14.5,,1002.7,
04-05-2022,28.9,25.4,37.5,4.2,,70,13,,1005.8,
05-05-2022,30,21.2,37.5,0,,317,6.3,,1006,
06-05-2022,30.1,24,38.4,0,,0,8.5,,1005.6,
07-05-2022,31.6,22,40.2,0,,343,6.6,,1004.9,
08-05-2022,33.6,24.6,40.8,0,,115,7.4,,1002.1,
09-05-2022,32.7,25.5,40.8,0,,91,12.9,,1002.3,
10-05-2022,33.6,25.6,40.4,0.2,,79,6.6,,1003.1,
11-05-2022,34.3,28,42.6,0,,177,7.3,,1000.6,
12-05-2022,34.4,26.7,43.6,0,,70,8.6,,998.9,
13-05-2022,33.4,27,43.6,0,,348,9.8,,997.1,
14-05-2022,35.2,23.8,45.6,0,,282,9.3,,996.4,
15-05-2022,36.5,26.7,46.1,0,,134,12,,997.5,
16-05-2022,34.6,28,46.1,0,,285,10.7,,998.2,
17-05-2022,33.7,26,42.6,0,,107,12.5,,999.7,
18-05-2022,33.6,26,41.2,0,,346,9.2,,1001.8,
19-05-2022,35.3,26.2,42.7,0,,49,7.6,,1000.4,
20-05-2022,34.5,28,43.5,0,,268,12.5,,996.9,
21-05-2022,33,26,42.5,0,,69,9.2,,995.4,
22-05-2022,32.3,23.9,41.4,0,,79,10,,993.8,
23-05-2022,27.8,24,40.6,0,,113,15.2,,997.4,
24-05-2022,25.4,22.8,34.3,0,,78,13.6,,1005.8,
25-05-2022,29.8,20.7,36.3,0,,2,6,,1005.5,
26-05-2022,32.5,25.4,38.2,,,,4.6,,1002.1,
27-05-2022,34.1,26,40.5,,,,3.7,,998.5,
28-05-2022,30.9,26.6,40.5,0,,86,14,,997.3,
29-05-2022,33.3,23.4,40.6,0,,86,8.9,,998,
30-05-2022,29.5,26.9,40.6,12.9,,29,15.1,,999.4,
31-05-2022,33.4,22.9,40.7,0,,2,4.8,,999.9,
01-06-2022,34,25,42.4,0,,0,4.1,,1000.2,
02-06-2022,34.2,26.4,42.4,0,,337,9.6,,999.9,
03-06-2022,34.4,24.4,43.3,0,,348,8.1,,998.9,
04-06-2022,35.3,26,44,0,,253,5.6,,999,
05-06-2022,35.3,24.8,44,0,,322,4.9,,998.7,
06-06-2022,36.3,26.8,44.4,0,,310,8.1,,997.7,
07-06-2022,36.9,28.5,45.2,0,,270,9,,997.1,
08-06-2022,36.6,30,45.2,0,,271,12.5,,996.9,
09-06-2022,36.3,27.6,44.5,0,,261,8.4,,995.8,
10-06-2022,36.2,27.9,44.5,0,,242,10.8,,996.6,
11-06-2022,36.2,29,43.8,0,,257,9.7,,996.9,
12-06-2022,34.9,28,43.4,0,,239,9.6,,998.9,
13-06-2022,35.3,27.3,42.5,0,,297,9.4,,1000.8,
14-06-2022,36.1,29.5,43.2,0,,251,11.7,,999.5,
15-06-2022,35.1,29,43.3,0,,223,13.7,,997.5,
16-06-2022,32.3,29,43.3,0.3,,105,16.5,,998.8,
17-06-2022,25.8,21.4,40.2,18,,93,13.4,,1001.1,
18-06-2022,25.9,22.8,32.1,1,,98,11.6,,1002,
19-06-2022,29.1,21.7,34.5,0,,354,4.4,,1001.4,
20-06-2022,30.1,22.8,35.6,4.1,,294,6.2,,998.6,
21-06-2022,23.2,20.5,35.6,6.1,,96,11.4,,999,
22-06-2022,28,21.3,33,24.9,,32,6.3,,1004.6,
23-06-2022,29.3,23.4,36,0,,312,12.1,,1004.8,
24-06-2022,31.8,23.6,38.2,0,,312,6.7,,1001.2,
25-06-2022,33.4,25.9,40.2,0,,228,3.6,,998.5,
26-06-2022,34.6,27.2,40.2,0,,100,4.3,,1000.1,
27-06-2022,34.8,30.6,39.5,0.5,,133,6.3,,1000.8,
28-06-2022,35.6,31.6,39.6,0,,160,4.9,,997.1,
29-06-2022,34.7,31.6,40.1,0,,120,13.2,,994.2,
30-06-2022,28.7,26.8,40,6.7,,115,19.6,,996.8,
01-07-2022,28.1,24.9,32.2,13,,114,6.8,,1000,
02-07-2022,30.9,27.4,34,0.5,,79,4.5,,997.6,
03-07-2022,30.1,26.2,34.4,0.5,,115,10,,998.6,
04-07-2022,32.2,28.2,36.4,0,,62,3.6,,998.2,
05-07-2022,33.6,28.8,38.2,7.9,,31,2.6,,998.3,
06-07-2022,29.5,27,38.2,0,,21,7.9,,1002,
07-07-2022,33.3,28.2,37.8,4,,132,6.1,,1003.1,
08-07-2022,33.6,29.9,37.8,7.8,,68,5.5,,1000.2,
09-07-2022,29,26.5,37.2,54.2,,36,6.9,,998.3,
10-07-2022,30.3,26.2,36.3,2.8,,56,6.1,,1000.3,
11-07-2022,32.5,28,36.3,2.6,,346,3.4,,1000.7,
12-07-2022,32.8,29.6,37.6,0,,74,5.6,,999.5,
13-07-2022,29.1,25,37.6,21.4,,81,9.9,,998.5,
14-07-2022,26.7,25,35.7,14.6,,26,9.5,,999.5,
15-07-2022,26.7,22.6,31.6,23.9,,24,10.9,,1002.5,
16-07-2022,31.2,26,37.3,0,,344,6.2,,1001.3,
17-07-2022,29.9,25.8,37.3,15.5,,53,7.1,,1004.5,
18-07-2022,32.7,27.6,37,0,,337,3.1,,1001.6,
19-07-2022,33.2,29.9,37,0,,343,3,,999.3,
20-07-2022,28.1,26,36.8,7.9,,31,4.7,,998.6,
21-07-2022,26.5,23.5,33.2,67.1,,100,9.7,,1001.8,
22-07-2022,30.3,26.7,34,0,,66,4.9,,1003.2,
23-07-2022,28.2,26,34,6.1,,16,7.8,,1003,
24-07-2022,30.3,26,35.2,30,,62,6.8,,1002.7,
25-07-2022,30.1,27.8,37,5.4,,92,11.5,,1004.8,
26-07-2022,29.4,27.8,34.7,0,,71,5.1,,1005.6,
27-07-2022,28.7,26.9,34.7,8,,66,6.5,,1004.7,
28-07-2022,28.2,26.9,32.8,20.6,,52,3.7,,1005.2,
29-07-2022,27.7,26,32.6,21.4,,7,1.8,,1004,
30-07-2022,29.1,25.6,34.4,9.1,,7,2,,1002,
31-07-2022,27.7,25.2,34.4,6.9,,116,7.9,,999.6,
01-08-2022,29,24.7,33.1,5.1,,13,1.5,,1001,
02-08-2022,31,26.5,35.2,11.9,,324,2.7,,1000,
03-08-2022,30.9,28,35,1.4,,341,2.7,,1001.2,
04-08-2022,30.4,26.8,35.7,1.3,,151,5.4,,1002.2,
05-08-2022,26.7,24,34,8.2,,62,4.9,,1002,
06-08-2022,29.5,26.2,32.6,2.8,,17,7,,999.5,
07-08-2022,29.7,27.6,34.6,4.9,,61,4,,999.2,
08-08-2022,31.1,27,35,0,,28,4.1,,999.5,
09-08-2022,28.3,25.8,35.6,0,,19,3.3,,1000,
10-08-2022,31.6,25,36.2,0,,344,3,,998,
11-08-2022,27.3,26,36.2,7.1,,55,9.1,,1000.8,
12-08-2022,30.6,25.5,35.2,0,,347,3.2,,1000.5,
13-08-2022,31.5,27,36,0,,3,0.3,,999.8,
14-08-2022,30.6,27.8,36.5,3.3,,9,3.2,,1001.4,
15-08-2022,26.9,26,35.5,30.1,,41,5.9,,1004.7,
16-08-2022,30.3,25.4,34.5,0,,354,1.1,,1002.7,
17-08-2022,29.8,27.4,34.5,1,,85,9.9,,1002.7,
18-08-2022,30.6,26.6,34.3,0.1,,18,3.4,,1001.7,
19-08-2022,30.2,27,34.8,0.4,,316,5.8,,1001,
20-08-2022,29.1,26.6,34.8,0.7,,350,2.9,,1002.6,
21-08-2022,30.3,24.6,34.7,0.2,,350,3.6,,1001.8,
22-08-2022,31.1,26.6,35.6,0,,332,2.7,,999.7,
23-08-2022,30.4,26,35.6,0,,27,2.1,,1001.6,
24-08-2022,28.6,24.5,35.6,21.6,,94,11.9,,1005.1,
25-08-2022,29.6,25.6,34.6,6.1,,65,5.9,,1004.3,
26-08-2022,29.3,26.4,34.4,2.3,,292,5.7,,1003.9,
27-08-2022,29.8,25.8,34.4,1,,269,8.6,,1002.8,
28-08-2022,29.6,26.8,34.8,0.9,,244,7.3,,1002.6,
29-08-2022,28.8,25.8,35.2,3.7,,346,5.2,,1006.5,
30-08-2022,30.1,25.6,35.2,0.9,,226,5.6,,1007.4,
31-08-2022,31,27.4,35.6,0,,279,5.9,,1004.6,
01-09-2022,30.7,27.4,35.8,0,,295,5.4,,1004.1,
02-09-2022,30.3,27,35.8,0,,290,7.3,,1005.5,
03-09-2022,30.3,25.4,35.6,0,,168,6.8,,1002.9,
04-09-2022,30.1,25,35.2,0.5,,91,9,,1001.7,
05-09-2022,27.8,26,35.2,9.1,,357,9.7,,1004.3,
06-09-2022,29.1,24.4,33.7,0,,328,4.7,,1005.8,
07-09-2022,29.9,25.6,34.7,0,,338,5.7,,1007.4,
08-09-2022,30.7,26.3,35.5,0,,333,3.7,,1008.2,
09-09-2022,30.7,26.6,35.5,1.1,,4,3.9,,1007.3,
10-09-2022,30.1,26.9,35,3.3,,36,5.3,,1006.4,
11-09-2022,26.4,24,34,1.6,,79,7.2,,1005,
12-09-2022,28.9,23.3,34,0,,7,4.5,,1003.9,
13-09-2022,30,25.6,34,0,,342,2.6,,1004.1,
14-09-2022,29.7,27,34.4,0,,346,2.9,,1004.4,
15-09-2022,29.1,25,34.3,0.4,,242,5.4,,1002.6,
16-09-2022,27.9,22.7,34.3,15,,78,5.7,,1000,
17-09-2022,29.1,25.4,34.2,0,,17,5,,1001.9,
18-09-2022,29.4,25.5,34.6,0,,19,5.5,,1005.3,
19-09-2022,30.9,24.8,35.4,0,,1,3.1,,1005.5,
20-09-2022,28.8,26,35.4,0.5,,55,4.4,,1005.4,
21-09-2022,28.7,26,33.8,0.8,,28,5.7,,1005.7,
22-09-2022,27.9,21.6,34,0,,13,3.8,,1005.5,
23-09-2022,26.2,24.2,34,6.7,,24,3.1,,1005.3,
24-09-2022,24.7,22.2,31.5,30,,56,6.5,,1004.2,
25-09-2022,24.5,22,28.6,5.9,,47,7.8,,1004.8,
26-09-2022,26.2,22,30.1,0,,358,4.4,,1009.1,
27-09-2022,27.9,23.4,32.4,0,,311,3,,1007.1,
28-09-2022,27.9,24,32.6,0,,329,3.7,,1006.1,
29-09-2022,28.3,23.9,33.4,0,,305,5,,1006.1,
30-09-2022,28.7,24.4,34,0,,335,4,,1006.2,
01-10-2022,28.5,23.9,34.2,0,,14,3.2,,1005.2,
02-10-2022,28.5,24,34.5,0,,331,4.4,,1006,
03-10-2022,28.3,22.8,34.7,0,,351,3,,1007,
04-10-2022,28.1,22.4,34.4,0,,326,5.2,,1008.7,
05-10-2022,27.8,22,34.8,0,,347,4.6,,1007.5,
06-10-2022,27.5,22.5,34.8,0,,97,5,,1008.4,
07-10-2022,25.7,22.7,33.6,0,,181,5.2,,1009.7,
08-10-2022,27.2,23,31,0,,112,5.8,,1010.5,
09-10-2022,26.1,22.6,31.8,0,,158,4.6,,1010.4,
10-10-2022,24.6,22,31.3,2.2,,185,7.6,,1011.9,
11-10-2022,23.5,19,30.6,8,,61,6.6,,1010.7,
12-10-2022,23.1,16.6,30.6,0,,345,4.8,,1011.9,
13-10-2022,24.4,18.6,30.7,0,,340,4.9,,1012.4,
14-10-2022,24.8,20,31.2,0,,318,6.3,,1012.2,
15-10-2022,25,18.6,32,0,,322,5.1,,1011.2,
16-10-2022,26.7,18.5,32.5,0,,336,3.5,,1013.3,
17-10-2022,25.4,17.6,32.5,0,,335,3,,1013.1,
18-10-2022,24.4,18,32,0,,25,2.8,,1011.5,
19-10-2022,24.3,16.8,32,0,,67,4.8,,1011.4,
20-10-2022,22.7,19,31.6,4.1,,51,13.9,,1013.2,
21-10-2022,22.4,18,29,0,,6,9.6,,1016.6,
22-10-2022,21.8,14.8,30.2,0,,339,4.2,,1017.4,
23-10-2022,21.8,14.8,30.6,0,,351,3.3,,1016.1,
24-10-2022,21.7,13.8,31,0,,348,2.6,,1011.8,
25-10-2022,22.2,13.8,31,0,,329,3.5,,1009.1,
26-10-2022,22.9,15.8,31.5,0,,351,3.1,,1012.9,
27-10-2022,23.1,15.4,31.5,0,,355,3.9,,1013.1,
28-10-2022,22.7,16,31.4,0,,335,3.7,,1013.3,
29-10-2022,23.3,15.9,31.2,0,,346,4,,1013.9,
30-10-2022,23.4,16.9,31.2,0,,353,1.7,,1014.5,
31-10-2022,23.2,18,30.8,0,,57,4,,1014,
01-11-2022,23.3,18.6,30.2,0,,63,6.4,,1014,
02-11-2022,22.2,16.8,30.7,0,,323,6.1,,1013.6,
03-11-2022,21.9,15.4,30.7,0,,345,4,,1011.9,
04-11-2022,22.4,16,30.8,0,,7,3.1,,1013.4,
05-11-2022,22.4,17.4,30.8,0,,80,8.8,,1014.8,
06-11-2022,22.5,18,28,24.4,,31,12.5,,1016.2,
07-11-2022,20.1,16.8,28.9,0,,324,7.7,,1015.7,
08-11-2022,20.6,14.5,28.5,0,,329,4.7,,1015.9,
09-11-2022,20.6,14,28.5,0.2,,5,6.6,,1016.1,
10-11-2022,19.7,16,27.3,0,,342,7.6,,1018,
11-11-2022,18.3,11.9,27,0,,318,6.3,,1017.8,
12-11-2022,18.1,10.4,26.8,0,,342,5.4,,1017,
13-11-2022,19.3,10.6,27.3,0,,345,4.4,,1015,
14-11-2022,17.2,15.6,27.3,0.5,,48,14.8,,1016.6,
15-11-2022,17.2,11.4,24.6,0.5,,321,5.1,,1016.8,
16-11-2022,17.3,11.4,24.8,0,,315,3.5,,1015.1,
17-11-2022,16.8,10.3,25,0,,309,7.5,,1015,
18-11-2022,16.7,10,25.6,0,,345,3.7,,1015.8,
19-11-2022,16.6,9.6,25.8,0,,344,3.3,,1017.2,
20-11-2022,15.9,9.2,25,0,,337,4.6,,1016,
21-11-2022,16.1,8.4,25.3,0,,329,4.8,,1014.5,
22-11-2022,15.9,9,25.6,0,,337,4.1,,1014.2,
23-11-2022,15.7,8,25.4,0,,331,4.4,,1014.5,
24-11-2022,16.3,9,27,0,,324,3.2,,1013.7,
25-11-2022,16.7,9.8,26.8,0,,14,2.5,,1017,
26-11-2022,14.9,7.4,25.8,0,,346,2.6,,1014,
27-11-2022,15.6,7.4,25,0,,358,1.7,,1011.8,
28-11-2022,15.6,7,24.4,0,,357,2,,1013.4,
29-11-2022,15.6,7.6,24.8,0,,351,2,,1015.9,
30-11-2022,15.1,7.8,24.8,0,,337,2.5,,1016.8,
01-12-2022,15.6,7.5,24.5,0,,349,3.8,,1015.3,
02-12-2022,16.2,10,24.5,0,,12,0.9,,1014.4,
03-12-2022,14.8,7.8,23.8,0,,358,3.1,,1015.8,
04-12-2022,14.8,8.8,24,0,,322,4.3,,1016.1,
05-12-2022,14.8,6.6,23.9,0,,337,2.9,,1017.7,
06-12-2022,14.4,5.6,23.7,0,,326,4.2,,1016.9,
07-12-2022,14.6,7.7,23.7,0,,315,4.9,,1015.7,
08-12-2022,14.9,7.2,24,0,,345,3.2,,1016.1,
09-12-2022,16.1,9.5,25,0,,328,4.8,,1015.3,
10-12-2022,15.8,9.4,25,0,,341,3.9,,1016.1,
11-12-2022,16.1,9.4,25.7,0,,325,6.6,,1016.8,
12-12-2022,15.9,10,25.6,0,,316,6.4,,1015.9,
13-12-2022,14.8,8.6,24.6,0,,314,9.9,,1017.6,
14-12-2022,13.2,7,24.2,0,,324,4,,1016.2,
15-12-2022,13.8,6.6,22.4,0,,330,2.8,,1014.7,
16-12-2022,13.8,6,22.4,0,,320,4.7,,1013.5,
17-12-2022,14.3,5,22.5,0,,344,2,,1015.8,
18-12-2022,13.4,8.2,26.4,0,,359,1.9,,1016.4,
19-12-2022,10.8,5.5,26.4,0,,355,1.4,,1015.3,
20-12-2022,10.5,6.8,20.2,0,,345,1.6,,1014.5,
21-12-2022,10.3,6.9,18.5,0,,5,1.4,,1016.4,
22-12-2022,9.1,8.6,11.8,0,,33,2.7,,1016.4,
23-12-2022,7.9,6.8,10.3,0,,17,2.3,,1015.6,
24-12-2022,8.1,4,13.1,0,,328,5,,1018.1,
25-12-2022,8.2,6,13,0,,324,4.4,,1017.7,
26-12-2022,8.9,6,14.2,0,,315,4.2,,1019.7,
27-12-2022,7.5,5,14.2,0,,307,6.2,,1019.3,
28-12-2022,9.4,2.8,16.8,0,,345,1.4,,1018.4,
29-12-2022,11.7,7.8,16.8,2.9,,5,4.2,,1018.5,
30-12-2022,11.8,7,19.4,0.1,,326,6.2,,1020.7,
31-12-2022,11.4,4.3,19.8,0,,309,5.5,,1019.9,
01-01-2023,10.2,6.6,19.8,0,,345,1.6,,1020.3,
02-01-2023,7.1,3.4,18.7,0,,2,1.2,,1022.2,
03-01-2023,7.5,5.6,10.9,0,,355,0.3,,1023.4,
04-01-2023,7.7,2.6,13,0,,346,2.5,,1023.5,
05-01-2023,7.3,5.5,13,0,,351,1.3,,1024.4,
06-01-2023,7.7,5,10.8,0,,350,3.1,,1024.8,
07-01-2023,9.5,7.4,13,0,,310,7.6,,1022.7,
08-01-2023,10.2,7,16,0,,313,4.1,,1019.7,
09-01-2023,10.1,7,15.8,0,,332,2,,1020.6,
10-01-2023,11.1,8,16.5,0,,333,3.6,,1019.9,
11-01-2023,11.1,8.6,16.5,2.3,,40,3.1,,1014.6,
12-01-2023,11.7,8,17,0.1,,32,3.2,,1013.1,
13-01-2023,10.5,8,16.8,0,,333,3.6,,1014.4,
14-01-2023,8.5,1.4,17.3,0,,325,4.9,,1017.7,
15-01-2023,9.4,2,18,0,,321,3.5,,1015.6,
16-01-2023,10.3,2,24,0,,315,4.9,,1017.2,
17-01-2023,9.2,1.4,21.2,0,,340,2.8,,1017.4,
18-01-2023,11.1,2.9,17.7,0,,357,0.2,,1019.7,
19-01-2023,13.9,6.4,20.1,0.7,,333,6.3,,1019.9,
20-01-2023,11,10,20.1,0.3,,348,5.9,,1019.2,
21-01-2023,11,7,18,0.1,,334,4.4,,1018.5,
22-01-2023,11.6,3,19,0,,338,4.3,,1017.6,
23-01-2023,11.9,8,19.3,0,,307,10.1,,1017.2,
24-01-2023,12.7,6.6,19.3,1.9,,54,7.6,,1014.6,
25-01-2023,11.5,6.8,18.3,2,,341,7.4,,1016.8,
26-01-2023,10,3.8,18.5,0,,314,6.1,,1020,
27-01-2023,10.8,3.3,20.1,0,,283,6.5,,1019.3,
28-01-2023,12.2,3.3,21.6,0,,317,5.1,,1015,
29-01-2023,13.1,6.2,21.6,8,,81,9.1,,1013.8,
30-01-2023,14.5,12,18.8,19.9,,117,9.5,,1018.3,
31-01-2023,12.7,7,20.3,0,,290,10.2,,1020.3,
01-02-2023,12.5,6,21,0,,291,6.5,,1018.3,
02-02-2023,13.6,6,22,0,,306,6.3,,1017.1,
03-02-2023,15.5,7.2,22.8,0.3,,322,5.6,,1016.3,
04-02-2023,15.8,8.9,23,0,,305,7.1,,1014.2,
05-02-2023,16.1,7.6,23.9,0,,302,6,,1012.3,
06-02-2023,16.8,12,24,0.4,,8,11.8,,1012.6,
07-02-2023,14.7,8,23.8,0,,297,11.1,,1012.9,
08-02-2023,14.9,8.6,22,0,,337,3.9,,1014.2,
09-02-2023,15.4,8.4,22.7,1.1,,63,7.6,,1011.2,
10-02-2023,17.1,13.6,24.5,0.7,,99,9.3,,1011.1,
11-02-2023,13.8,6.6,24.5,0.1,,325,7.5,,1015.1,
12-02-2023,12.2,7,22.5,0,,310,10.4,,1019.6,
13-02-2023,12.7,3.6,21.2,0,,282,9.7,,1017.3,
14-02-2023,15.2,6.6,24.2,0,,311,6.6,,1016.3,
15-02-2023,17.2,8.7,26.3,0,,298,7,,1013.8,
16-02-2023,18.1,10.2,26.3,0,,351,2.9,,1015,
17-02-2023,17.6,10.5,25.7,0,,1,5,,1016.7,
18-02-2023,18.5,10,27.3,0,,331,3.2,,1015.2,
19-02-2023,20.2,13.1,27.3,0,,47,4.3,,1013.8,
20-02-2023,20.6,16.8,26.5,0,,59,6.6,,1011.2,
21-02-2023,18.8,13,27.2,0,,320,9.6,,1011.9,
22-02-2023,17.2,12,27.2,0,,9,4.9,,1013.7,
23-02-2023,17.2,7.6,27,0,,298,7.1,,1013.6,
24-02-2023,18.1,10.4,27,0,,337,4.8,,1014.9,
25-02-2023,19.7,10.6,28.3,0,,340,4.4,,1016.4,
26-02-2023,19.6,11,28.3,1.1,,348,5.5,,1018.4,
27-02-2023,20.8,13,28.7,0,,356,7.7,,1018.2,
28-02-2023,19.3,14.6,28.7,0.3,,21,12,,1019.1,
01-03-2023,19.2,14.5,25,2,,5,7.5,,1021,
02-03-2023,19.9,14,28.2,0,,311,8,,1020.4,
03-03-2023,20.1,13,27.4,0,,305,9.2,,1020.7,
04-03-2023,20.1,12.8,27.4,0,,330,4.9,,1020,
05-03-2023,20.2,12.4,28.2,0,,308,6.7,,1018.9,
06-03-2023,20.1,12.6,29,0,,323,6,,1016,
07-03-2023,21.2,13,29,0,,313,5.6,,1015.5,
08-03-2023,21.7,14.9,30.2,0,,330,6.4,,1016.4,
09-03-2023,21.6,14.8,30.2,0,,77,6.2,,1017.1,
10-03-2023,21.8,15,29.2,0,,328,5.5,,1015.6,
11-03-2023,22.7,14.8,30.2,0,,328,4.9,,1015.2,
12-03-2023,22.5,14.6,30.2,0,,329,5.4,,1015.2,
13-03-2023,22.3,15,29.8,0.4,,322,7,,1013.7,
14-03-2023,23,15.4,30.4,0,,349,6.8,,1010.7,
15-03-2023,23.4,17,30.6,0,,104,7.5,,1009.4,
16-03-2023,22.4,15,30.6,0.3,,20,7.9,,1010.4,
17-03-2023,17.4,15.6,30.2,11.9,,32,15.5,,1013.9,
18-03-2023,18.8,14.6,23.6,0,,74,10,,1012.5,
19-03-2023,20.2,14.6,26.7,5,,346,4.7,,1009.9,
20-03-2023,18.6,16.2,26.7,10.7,,48,7.3,,1008.2,
21-03-2023,18.8,14,24.6,1.5,,53,6.7,,1009.9,
22-03-2023,20.8,15,27.4,0,,44,5.5,,1010.7,
23-03-2023,20.4,14.9,27.4,0.7,,355,6.7,,1010,
24-03-2023,17.9,16.2,26.4,24,,76,11.5,,1009.3,
25-03-2023,18.1,14.8,24.3,17.9,,72,13.8,,1012.8,
26-03-2023,19,12.8,26.1,0,,310,5.6,,1013,
27-03-2023,20.3,13,27,0,,302,5.1,,1011,
28-03-2023,22.2,14.4,29,0,,330,4.8,,1010.5,
29-03-2023,22.5,15,29,0,,15,5,,1011,
30-03-2023,22.8,18.8,29.6,0,,35,10.7,,1009.4,
31-03-2023,18.6,16.7,29.6,3,,82,9.8,,1008.9,
01-04-2023,17.5,15,22.4,7.1,,58,8,,1010,
02-04-2023,20.8,12.4,27,3,,11,2.8,,1009.4,
03-04-2023,19.4,17.4,27,0.3,,37,8.3,,1008.8,
04-04-2023,21,15,28.8,0.3,,326,10.5,,1011.1,
05-04-2023,21.9,13.6,30,0,,314,7.4,,1011.2,
06-04-2023,22.3,14,30,0,,330,7.4,,1013.9,
07-04-2023,23.1,14.6,31.6,0,,315,7.5,,1014.9,
08-04-2023,24.4,14.9,33.4,0,,318,6.4,,1014.7,
09-04-2023,25.2,17,33,0,,343,5.6,,1014.6,
10-04-2023,26.5,16.4,35.2,0,,329,7.7,,1012.6,
11-04-2023,27.3,16.7,35.8,0,,314,6.2,,1011.9,
12-04-2023,28.3,20,37,0,,311,6,,1011,
13-04-2023,28.9,19,37.6,0,,326,7.2,,1009.3,
14-04-2023,29.8,20.8,39,0,,337,4.2,,1008.3,
15-04-2023,30.5,20.5,40,0,,68,6.4,,1007.5,
16-04-2023,28.9,22,40,0,,91,10.3,,1006.9,
17-04-2023,30.9,22,39.2,0,,303,8.2,,1006.6,
18-04-2023,29.3,23.3,39.9,2,,344,12.1,,1008.1,
19-04-2023,23.9,19.9,36.6,0,,352,13.2,,1006.9,
20-04-2023,24.3,18,33.6,0.3,,53,14.1,,1004,
21-04-2023,24.9,15.2,33.6,4.1,,336,11.5,,1005.7,
22-04-2023,23.9,16,32.8,0,,337,12.7,,1007.1,
23-04-2023,25.3,13.6,34.4,0,,53,7.2,,1007.5,
24-04-2023,27.9,17.5,36.4,0,,331,5.4,,1009.6,
25-04-2023,27.6,21,36.4,0,,80,7.4,,1011,
26-04-2023,28.1,20,36.4,0.4,,90,8.1,,1007.8,
27-04-2023,26.6,20.6,36.4,0.3,,66,17.7,,1008.2,
28-04-2023,26.1,19,35.8,1,,83,10.6,,1008.9,
29-04-2023,27.1,18.6,36.1,0,,251,8.5,,1007.2,
30-04-2023,25.9,20.1,36.1,0.3,,194,9.3,,1006.7,
01-05-2023,23.3,21.4,32,3,,108,11.2,,1008.1,
02-05-2023,22.4,19,28.4,0,,95,10.7,,1010.2,
03-05-2023,23.8,18.8,30.8,5.6,,59,8.7,,1010.8,
04-05-2023,25.4,19,33.8,0.2,,39,9.3,,1010.3,
05-05-2023,26.2,17.7,33.8,10.9,,288,6.9,,1008.6,
06-05-2023,27.9,21.4,35.8,0,,298,9.3,,1006.1,
07-05-2023,26.9,18,35.8,7.1,,59,18.6,,1005.7,
08-05-2023,26.3,21.6,34.9,0,,345,15.7,,1005.4,
09-05-2023,26.2,17.6,35.5,0,,358,10.5,,1008.8,
10-05-2023,27.6,18,36,0,,329,7.5,,1006.5,
11-05-2023,29.8,17.6,39.8,0,,351,4.6,,1006.6,
12-05-2023,32,18.2,40.5,0,,358,4.6,,1005.8,
13-05-2023,33.3,23.5,40.5,0,,29,9.7,,1005.1,
14-05-2023,31.9,24.1,40.3,0,,15,11.6,,1003,
15-05-2023,32.3,21.6,40,0,,11,7.8,,1001.7,
16-05-2023,31,23.4,40.5,0.2,,348,13.3,,1003.8,
17-05-2023,32,23,40.7,0,,316,9.7,,1004.7,
18-05-2023,28.1,20.6,40.7,0.3,,279,12.5,,1010.5,
19-05-2023,30.4,21.7,38.5,0,,285,9.4,,1006.3,
20-05-2023,31.6,23.2,41.6,0,,282,8.3,,1003.5,
21-05-2023,34.5,25,43,0,,356,5.2,,1003.8,
22-05-2023,35.3,24.8,43.8,0,,264,7.1,,1003.7,
23-05-2023,34.3,28,43.8,1.3,,260,9.1,,1003.7,
24-05-2023,28.7,24,43,7.5,,133,19.4,,1004,
25-05-2023,25.1,20.6,36.7,10.1,,88,12.3,,1005.6,
26-05-2023,27.1,21,33.8,6.7,,83,10.4,,1005.7,
27-05-2023,28.8,22.9,33.8,1.2,,109,10,,1005.4,
28-05-2023,28.9,21.1,36,0.2,,120,8.3,,1006.6,
29-05-2023,28.4,23.2,38,0.2,,192,13.6,,1008.9,
30-05-2023,27.4,23,35.3,0.4,,42,9.1,,1009.4,
31-05-2023,21.8,20,32.1,3,,54,9.4,,1007.9,
01-06-2023,23.3,20,30,13.7,,59,7.8,,1007.4,
02-06-2023,26.1,19.8,31.2,13,,25,5.4,,1006.7,
03-06-2023,29.2,21.6,35,0,,358,5.4,,1006.3,
04-06-2023,30.2,23.3,37,0,,311,6.8,,1005.5,
05-06-2023,31.6,24.8,38.5,0,,289,6.6,,1003.4,
06-06-2023,28.8,24,38.5,1,,131,9.8,,1004.1,
07-06-2023,26.8,21,37.5,17,,3,10,,1005.1,
08-06-2023,31.2,23,37.6,0,,330,5.1,,1003.4,
09-06-2023,34.3,26.4,40,0.4,,4,4.6,,999.7,
10-06-2023,32.8,25.2,41.2,0,,6,9,,998.3,
11-06-2023,29.5,23.6,41.6,3,,302,7.4,,999.6,
12-06-2023,33.7,25.8,39.2,0,,317,3.8,,998.1,
13-06-2023,34.1,29.2,41.5,0,,246,10.6,,997.9,
14-06-2023,30.2,22,41.5,0,,153,14.9,,999.2,
15-06-2023,26.3,20.7,39.5,112,,8,9.2,,1001.8,
16-06-2023,30.2,23.6,35.8,1,,325,5.2,,1001.2,
17-06-2023,32.2,26,37,0,,323,4.3,,1000.2,
18-06-2023,32.2,28,39,0.4,,145,4.8,,1000.1,
19-06-2023,32.3,24,39,2,,345,7.1,,999.9,
20-06-2023,34.5,28.2,39.8,0,,2,4,,998.5,
21-06-2023,34.7,30,39.8,0,,122,7.4,,998.8,
22-06-2023,35.4,31.2,40.7,0,,149,8,,998.6,
23-06-2023,35.8,31.8,40.7,0,,120,8,,998.5,
24-06-2023,34.7,30.5,40,0.5,,124,10.8,,998.1,
25-06-2023,29.8,24,39.6,0,,114,14.9,,999,
26-06-2023,27.8,24,37.8,113,,62,9.2,,1002.5,
27-06-2023,31.3,27,35.1,11.9,,83,6.4,,1001,
28-06-2023,31,27,35.8,0,,106,8.8,,1002.2,
29-06-2023,31.9,28,35.8,7.1,,115,5.3,,1000.8,
30-06-2023,29.3,25.4,35.6,7,,70,8.5,,999.5,
01-07-2023,31.6,27,35.4,0,,120,6.1,,1000.1,
02-07-2023,33,28.6,37.2,0,,250,5.5,,1000.5,
03-07-2023,32.4,26,39,0,,180,6.6,,999.5,
04-07-2023,31.5,24.6,39,8.9,,87,11.6,,998.2,
05-07-2023,25.4,23.2,35.6,47,,100,11.7,,999.7,
06-07-2023,27.3,23,31.5,20.4,,73,7.9,,1001.7,
07-07-2023,29.8,26,33.5,0,,64,8.9,,1002.7,
08-07-2023,25.2,24,33.5,6.1,,64,12,,1002.9,
09-07-2023,26.5,23.6,29.4,21.1,,58,11.9,,1001.7,
10-07-2023,28.3,23.6,32.4,0,,81,8.6,,1002.2,
11-07-2023,31,25.4,35.4,0,,93,4.5,,1001.5,
12-07-2023,30.8,28,36.3,0,,163,7.3,,1000.7,
13-07-2023,31,25.6,36.3,6.9,,91,6.8,,1001.2,
14-07-2023,31.6,28.6,35,0.1,,106,7.3,,1001.8,
15-07-2023,31.4,27.8,36,0,,42,6,,1000.6,
16-07-2023,29.7,26.4,36,1.1,,80,10.4,,1000.9,
17-07-2023,31.4,28.8,35,0.2,,87,5.9,,999.9,
18-07-2023,31.3,28.5,35.5,0.1,,92,8.2,,999.7,
19-07-2023,30.1,28.2,35.2,3.1,,106,7.9,,1000.6,
20-07-2023,32,28.7,36,0,,21,2,,1000.7,
21-07-2023,29.5,27,36,8.5,,58,7,,1002.1,
22-07-2023,25.9,24.6,35.2,39.1,,59,10.7,,1005.8,
23-07-2023,31.2,26,36,0,,60,4.9,,1005.4,
24-07-2023,29.9,27,36,1.7,,33,3.7,,1002.5,
25-07-2023,29.7,26.9,35.4,7.5,,18,6.2,,1002.6,
26-07-2023,30,27.4,33.6,0,,150,7.8,,1003.3,
27-07-2023,28.9,24.8,33.4,35.1,,97,5.8,,1003,
28-07-2023,29.9,26.8,34.2,10.9,,139,6.1,,1000.1,
29-07-2023,26.9,24.2,34.2,0.3,,55,7.2,,999.9,
30-07-2023,29.9,24.9,33.6,2,,313,5.2,,999.3,
31-07-2023,31.9,27.3,35.4,0,,264,5.5,,998.4,
01-08-2023,31.7,28.3,36.1,0.7,,249,5.5,,997.2,
02-08-2023,31.6,28.8,37.2,1.9,,213,8.5,,997.2,
03-08-2023,30.7,24.6,37.2,33,,25,4.4,,998.3,
04-08-2023,30.8,28,36.4,0,,178,7.9,,999.9,
05-08-2023,30.6,25.3,36.4,2,,350,6.2,,1002.1,
06-08-2023,30.8,24.4,35.2,39.9,,145,6.4,,998.5,
07-08-2023,30.4,26.7,35.2,0,,111,7.2,,996.2,
08-08-2023,31.9,28.4,35.3,0,,212,7.2,,997.3,
09-08-2023,31.7,26.6,35.3,10,,182,9.5,,1001.1,
10-08-2023,30.9,28,35.3,8.6,,153,8.9,,1002.9,
11-08-2023,31,26.9,35.4,0.9,,155,7.7,,1002.9,
12-08-2023,31.8,28,36.4,0,,230,10.7,,1000.2,
13-08-2023,31.8,28.3,36.4,0,,194,11.5,,997.6,
14-08-2023,29.5,26,35.7,1,,158,11.4,,1002.1,
15-08-2023,30.5,25.6,34.4,19.3,,89,4.9,,1004.1,
16-08-2023,30.3,27.4,35.2,0,,13,4.1,,1003.5,
17-08-2023,31.8,27.8,35.6,13,,1,5.3,,1002.5,
18-08-2023,32.3,28.2,37,0,,168,5.2,,1002.9,
19-08-2023,30.2,28,37,0,,36,3.8,,1003.6,
20-08-2023,31.9,27,36,0,,9,3.6,,1004.3,
21-08-2023,32.2,28.7,36,0.1,,275,5.6,,1002.1,
22-08-2023,33.1,28.7,37.2,0,,351,4.7,,999.4,
23-08-2023,30.9,28.6,37.2,0,,164,11.1,,998.1,
24-08-2023,30.2,27,34.6,0.3,,152,8.3,,998.3,
25-08-2023,28.5,22.8,34.4,3.9,,55,8.5,,999.1,
26-08-2023,28.7,22.4,34,11.9,,307,5,,1001.2,
27-08-2023,30.1,25.6,34.4,0,,301,4.2,,1000.9,
28-08-2023,28.2,21,34.4,8.9,,65,5.7,,1001,
29-08-2023,28.7,23.4,33.2,0.5,,346,5.9,,1003.6,
30-08-2023,30.4,25.8,35.1,0,,317,4.7,,1005.3,
31-08-2023,31.5,27.8,36,0,,224,4.9,,1005.8,
01-09-2023,32.1,27.4,36.5,0,,249,7.4,,1005.4,
02-09-2023,31.2,26.4,36.2,0,,261,6.7,,1003.7,
03-09-2023,30.9,26,36,0,,237,6.8,,1002.4,
04-09-2023,31.3,26.8,35.5,0,,192,6.2,,1002.5,
05-09-2023,29.4,23,35.4,0.1,,12,9,,1004.9,
06-09-2023,30.7,25.3,35.2,0,,345,6.3,,1005.4,
07-09-2023,31.5,27,36.1,0,,310,5.1,,1004.3,
08-09-2023,31.9,24.5,36.5,0,,162,6.6,,1003.9,
09-09-2023,30.3,23.4,36.5,0,,135,7.1,,1003.5,
10-09-2023,30.1,26.5,35,0,,162,8.1,,1002,
11-09-2023,30.4,26.5,34.9,0.5,,160,7.3,,1002.3,
12-09-2023,31.4,28.3,35.4,0,,136,5.1,,1002.2,
13-09-2023,32.2,28.2,35.5,0,,126,5.5,,1002.3,
14-09-2023,31.8,29.4,36.2,3.2,,108,6.4,,1003.5,
15-09-2023,28.8,24.4,36.2,0.3,,116,8.1,,1005,
16-09-2023,30.1,25.8,34.6,0,,51,7.1,,1005.3,
17-09-2023,26.9,24,34.6,0.8,,60,8.2,,1004.3,
18-09-2023,26.1,24,33.6,30.5,,43,11.2,,1005.2,
19-09-2023,25.6,23.4,29.6,26.9,,57,8.3,,1007.4,
20-09-2023,29.7,25.2,34,27.9,,333,5.7,,1006.7,
21-09-2023,30.2,25.2,34.2,0,,271,5,,1005.5,
22-09-2023,29.1,26.6,34.9,4,,113,6.3,,1005.7,
23-09-2023,26.6,21.6,34.9,26.9,,131,9.8,,1006.8,
24-09-2023,26.9,24,32.2,0,,77,6.6,,1006.1,
25-09-2023,26.9,24,32.3,2,,358,6.5,,1007.2,
26-09-2023,27.5,23,32.6,0,,286,6.1,,1008.5,
27-09-2023,27.5,22.5,33.4,0,,278,6.4,,1007.9,
28-09-2023,28,23,34,0,,320,4.4,,1007.2,
29-09-2023,28,22.9,34.4,0,,311,6.2,,1007.1,
30-09-2023,25.9,20.7,34.4,0,,298,8.2,,1007.7,
01-10-2023,26.1,20.8,33.2,0,,291,5.1,,1006.6,
02-10-2023,26.8,20,34,0,,299,5.2,,1007.5,
03-10-2023,26.4,20,33.9,0,,288,6.5,,1008.2,
04-10-2023,27,20.3,34.8,0,,294,5.9,,1008.1,
05-10-2023,26.9,20,34.8,0,,238,5.5,,1007.1,
06-10-2023,27.1,21,34.7,0,,146,6.1,,1005.9,
07-10-2023,28.6,22,35.3,0,,107,6.3,,1007,
08-10-2023,28.7,22.9,35.5,0,,90,4.8,,1007.6,
09-10-2023,27.2,19,35.5,0,,96,7.7,,1008.2,
10-10-2023,23.7,18.3,34.5,18,,353,9.6,,1010.9,
11-10-2023,24,17.9,31,0,,296,6,,1010.8,
12-10-2023,25.7,18.7,32.8,0,,227,3.9,,1011.9,
13-10-2023,26.1,20,32.8,0,,114,5.1,,1012.6,
14-10-2023,23.4,20,32.8,0,,42,12.5,,1012.8,
15-10-2023,22.6,17.3,29.2,3,,348,6.4,,1010.9,
16-10-2023,19.5,18,28.8,0,,26,8.1,,1011.7,
17-10-2023,19.6,16,24,9.3,,46,9.3,,1016.6,
18-10-2023,19.7,14,27.1,3,,302,6.7,,1016.6,
19-10-2023,21.3,16,28.2,0,,312,4.8,,1015.3,
20-10-2023,22.4,14.4,29.4,0,,331,4.4,,1015.8,
21-10-2023,23.3,16.3,30,0,,318,3.4,,1016.1,
22-10-2023,22.8,19.6,30,0,,326,3.8,,1016.9,
23-10-2023,21.8,16.7,29.5,0,,312,7.1,,1015.2,
24-10-2023,22.8,16.2,30.2,0,,336,3.7,,1014.5,
25-10-2023,22.7,17,31,0,,302,5.6,,1015.2,
26-10-2023,22.7,15.5,31.5,0,,326,4,,1014.6,
27-10-2023,23.4,15.6,31.5,0,,358,3.3,,1013.6,
28-10-2023,23.3,17.4,31.2,0,,24,3.5,,1014,
29-10-2023,23.4,18.5,30.3,0,,26,3.4,,1014.4,
30-10-2023,23.3,17.9,30.5,0,,358,3.1,,1015.2,
31-10-2023,24,17.9,31.2,0,,6,2.7,,1016.4,
01-11-2023,22.5,19,31.2,0,,10,4.3,,1017.1,
02-11-2023,22.6,16.7,30.5,0.8,,335,3.9,,1015.1,
03-11-2023,21.9,17,30.4,1.3,,310,3.6,,1012.5,
04-11-2023,21.7,15.9,30,0,,335,3.4,,1013.1,
05-11-2023,22.2,14.4,30.1,0,,321,4.8,,1014.3,
06-11-2023,22.1,15.6,30.1,0,,3,4.3,,1016.1,
07-11-2023,21.4,17,28.9,0,,352,3.9,,1015.5,
08-11-2023,21.5,16,28.5,1.4,,337,4.6,,1014.5,
09-11-2023,22.2,15.8,28.5,7,,9,4.1,,1014.1,
10-11-2023,15.9,14,28.5,8.9,,39,13.6,,1017.1,
11-11-2023,18.3,12.2,25,9.9,,291,7.7,,1019,
12-11-2023,18.6,12.4,26.5,0,,310,5.7,,1018.6,
13-11-2023,19.1,11.9,27,0,,314,3.3,,1018.3,
14-11-2023,18.7,12.4,26.6,0,,322,4.5,,1018.3,
15-11-2023,19,12.7,27.4,0,,319,5.1,,1017.7,
16-11-2023,20.1,12.3,27.4,0,,349,3.5,,1018.7,
17-11-2023,17.7,11.8,28,0,,324,6.4,,1018.7,
18-11-2023,18.1,11.8,28,0,,313,5.5,,1016.6,
19-11-2023,19.8,11.3,28.2,0,,8,5.5,,1017.6,
20-11-2023,17.6,13,28.2,0,,331,4.2,,1018,
21-11-2023,16.8,11,26.1,0,,300,6,,1016.9,
22-11-2023,17.2,10.8,26.1,0,,279,5.1,,1014.1,
23-11-2023,17.1,11,25.7,0,,71,4.1,,1014.4,
24-11-2023,16.4,10,25.5,0,,333,4.9,,1017.2,
25-11-2023,16.1,8.4,24.9,0,,323,3.9,,1017.5,
26-11-2023,17.3,11.8,24.6,0,,47,5.2,,1018.6,
27-11-2023,17.4,13.4,23.7,1.5,,17,4.7,,1016.6,
28-11-2023,17.7,12.8,24.6,0,,30,5.3,,1016.1,
29-11-2023,19.1,13,26.3,0,,341,4.6,,1015.7,
30-11-2023,16.4,13.4,26.3,2,,71,10.6,,1017.3,
01-12-2023,16.3,11,23.5,0.8,,320,5.8,,1018.2,
02-12-2023,16.3,10,24,0,,331,3.8,,1017.9,
03-12-2023,16.6,10,24.5,0,,328,2.7,,1018.2,
04-12-2023,16.6,10.5,24.5,0,,22,3.1,,1017.2,
05-12-2023,15.2,10,23.4,0,,349,4.6,,1017.1,
06-12-2023,14.8,6.6,24,0,,332,5.1,,1017.3,
07-12-2023,15.3,9,24,0,,329,4.8,,1016.4,
08-12-2023,14.9,8.8,24.5,0,,341,2.2,,1015.9,
09-12-2023,14.3,7.8,24.5,0,,323,3.8,,1016.9,
10-12-2023,13.8,7,23,0,,304,5.1,,1014.6,
11-12-2023,13,6,22.9,0,,68,3.9,,1015.2,
12-12-2023,12.8,6.8,21.7,0,,44,5.1,,1015.2,
13-12-2023,12.6,5,21.2,0,,353,4,,1017.4,
14-12-2023,11.5,4.8,21.7,0,,308,5.4,,1017.8,
15-12-2023,12.7,5.4,22,0,,356,2.4,,1019,
16-12-2023,11.8,4,22,2.5,,2,4.4,,1017.7,
17-12-2023,12.3,5.6,20.7,0,,303,4.6,,1019.1,
18-12-2023,11.8,3.6,21.4,0,,290,7.1,,1020.5,
19-12-2023,12.2,5,22,0,,294,6,,1020,
20-12-2023,12.2,4.3,21.7,0,,298,5.2,,1019.2,
21-12-2023,10.7,7,21.2,0,,20,3.9,,1018.3,
22-12-2023,12.9,4.8,20.2,0,,15,4.8,,1018,
23-12-2023,14.8,11,22.5,0.1,,27,7.8,,1020.3,
24-12-2023,12.2,6.8,22.5,0,,336,3.7,,1022.1,
25-12-2023,9.8,7,15.7,0,,262,3.7,,1019.4,
26-12-2023,12.5,8,20,0,,52,3.5,,1019.4,
27-12-2023,11.7,8.6,21.7,0,,332,3.2,,1021.5,
28-12-2023,10.7,8.9,14.3,0,,78,3.8,,1019.4,
29-12-2023,11,8,16.1,0,,3,5.6,,1020.6,
30-12-2023,10.8,8.8,16.1,0,,302,4.2,,1019.3,
31-12-2023,10.5,9.2,12.4,0,,350,3.5,,1019.3,
01-01-2024,10.2,9,11.7,0,,319,5,,1019.5,
02-01-2024,9.2,8,11.7,0,,308,4.4,,1018.9,
03-01-2024,8.4,4,11.2,0,,335,6,,1019,
04-01-2024,8.3,4.2,11.4,0,,325,6.6,,1019.3,
05-01-2024,8.2,6,12.8,0,,328,4.4,,1019,
06-01-2024,7.6,5.9,12.8,0,,320,5.6,,1021,
07-01-2024,7.7,5.8,10.6,0,,301,4.8,,1021.5,
08-01-2024,7.3,6,10.6,0,,352,4,,1021,
09-01-2024,8.1,6.7,9.5,0,,333,3.5,,1021.6,
10-01-2024,7.8,6.8,9.4,0,,305,7.5,,1019.9,
11-01-2024,6.6,2.2,11,0,,325,5,,1020.1,
12-01-2024,7.6,1.4,11,0,,288,5.2,,1018.7,
13-01-2024,7.7,4,11,0,,8,4.3,,1018.1,
14-01-2024,6.9,4.1,11,0,,335,6.4,,1018.7,
15-01-2024,7.2,5.7,9.6,0,,356,4.9,,1017.7,
16-01-2024,7.4,5.6,13.5,0,,13,3.9,,1015.6,
17-01-2024,8.8,2,18.4,0,,25,3.8,,1015.7,
18-01-2024,8.5,3.8,18.4,0,,237,4.7,,1017.5,
19-01-2024,8.8,6.8,16,0,,139,5.9,,1018.7,
20-01-2024,9.9,8.6,12.6,0,,80,5.6,,1020,
21-01-2024,8.3,7,12.6,0,,310,7.5,,1019.6,
22-01-2024,9.1,7.2,11.2,0,,68,4.9,,1019.8,
23-01-2024,7.5,7,11.2,0,,342,6.7,,1019.7,
24-01-2024,7.1,5.7,10,0,,327,6.2,,1019.7,
25-01-2024,7.7,5.5,10.2,0.1,,351,5.3,,1021.6,
26-01-2024,10.7,5,19.2,0,,289,7.7,,1021.9,
27-01-2024,11.5,4,22,0,,280,6.9,,1019.7,
28-01-2024,14.6,8.3,21.8,0,,136,5.8,,1017.4,
29-01-2024,13.4,9.6,21.5,0,,38,6,,1018.6,
30-01-2024,13.6,5.1,21.2,7.4,,313,6.9,,1016.8,
31-01-2024,14.4,11.5,20.9,0.5,,77,10.1,,1015.2,
01-02-2024,12.6,9,19.6,19.1,,68,11.7,,1015.5,
02-02-2024,12.9,4.8,19.6,0,,322,9.8,,1020.9,
03-02-2024,13,10,19.1,0.3,,352,8.3,,1018.7,
04-02-2024,10.7,7.2,16.4,4.1,,10,6.5,,1017.2,
05-02-2024,11,4,18.4,2,,323,5.1,,1019.1,
06-02-2024,12,5.5,19.8,0,,309,5.9,,1020.3,
07-02-2024,11.4,4.6,19.8,0,,281,8.2,,1021.3,
08-02-2024,12.1,4,21.5,0,,267,9.9,,1018.5,
09-02-2024,13.7,5,23,0,,264,5.1,,1018.2,
10-02-2024,13.6,6,23,0,,11,5.7,,1021.9,
11-02-2024,13.8,4.6,23,0,,333,3.6,,1021.3,
12-02-2024,13.2,3.6,23,0,,2,3.5,,1020.1,
13-02-2024,14.2,6.6,23.4,0,,314,3.9,,1019.6,
14-02-2024,15.1,5.5,24.2,0,,302,5.5,,1019.2,
15-02-2024,15.2,5.8,25,0,,295,4.5,,1019.6,
16-02-2024,15.9,6.5,25,0,,314,4.6,,1019.8,
17-02-2024,16.8,9,24.5,0,,308,4,,1015.1,
18-02-2024,16.6,11.5,24,0,,70,9.3,,1011.6,
19-02-2024,19.1,16,24,10.7,,124,17.8,,1007.5,
20-02-2024,15.8,12.2,24,0,,96,11.3,,1009.6,
21-02-2024,14.4,6.8,23.6,0,,336,6.5,,1011.8,
22-02-2024,14,7.4,22.7,0,,316,7.8,,1014.6,
23-02-2024,14.3,7.5,22.7,0,,291,8.1,,1016.3,
24-02-2024,14.6,7,22.5,0,,327,5.1,,1017.1,
25-02-2024,14.4,6,22.2,0,,5,7,,1019.9,
26-02-2024,14.3,6,22.2,0,,334,6.7,,1019.2,
27-02-2024,15.3,12,22.6,0,,276,9.8,,1019.1,
28-02-2024,15.8,9,23.2,0,,273,7.3,,1016.7,
29-02-2024,17.2,9,24,0,,303,6.4,,1015.1,
01-03-2024,17,14.8,24.9,0.3,,27,12.2,,1014.1,
02-03-2024,17.3,15,23.8,2,,132,22.7,,1006.9,
03-03-2024,13.2,8,23.8,23.1,,173,11.3,,1012,
04-03-2024,12.7,6.2,19.9,0,,296,7.6,,1017.8,
05-03-2024,12.6,7,20,0,,271,6.1,,1018,
06-03-2024,15.3,7,23.4,0,,255,4.2,,1015.4,
07-03-2024,16.6,11,24.2,0.4,,348,7.4,,1015.9,
08-03-2024,16.8,9,24.2,0,,300,5.8,,1016.5,
09-03-2024,17.3,9,26.2,0,,282,7.7,,1015.7,
10-03-2024,19,10.4,27.8,0,,310,4.2,,1014.9,
11-03-2024,18.2,13,27.8,0,,20,6.8,,1017.1,
12-03-2024,19,12,27,0,,316,6.3,,1015.2,
13-03-2024,17.6,14,27.4,0.4,,74,7.6,,1012.4,
14-03-2024,18.6,13.2,26,0,,356,11.4,,1016.6,
15-03-2024,18.4,10.8,26.6,0,,290,10.5,,1014.4,
16-03-2024,19.3,11,27.4,0,,325,5.6,,1016.1,
17-03-2024,19.3,11,28.2,0,,293,5.6,,1015.6,
18-03-2024,20.8,11.5,30.1,0,,305,5.5,,1013.3,
19-03-2024,21.9,12.4,30.9,0,,339,4.8,,1013.2,
20-03-2024,23.4,14.2,31.5,0,,296,5.6,,1013.3,
21-03-2024,23.6,18,31.5,0,,121,9.9,,1012.1,
22-03-2024,22.4,18,29.5,0,,27,9.3,,1010.2,
23-03-2024,23.3,15.7,31.3,0.5,,317,8.1,,1008.9,
24-03-2024,23.5,19,31.3,0.5,,357,9.3,,1011.4,
25-03-2024,24.1,15.5,32,0,,283,7.9,,1012.7,
26-03-2024,23.5,16.8,32,0,,309,4.9,,1011.4,
27-03-2024,24.6,19,30.4,0,,317,10.1,,1014.2,
28-03-2024,23,18,29,0.4,,311,13.1,,1012,
29-03-2024,25.1,18,32,4.7,,345,9.2,,1010.1,
30-03-2024,22.9,17,29,24.6,,93,16,,1011.5,
31-03-2024,21.7,17,28,2.7,,337,12.4,,1013.5,
01-04-2024,21.8,14,29,0,,273,8.2,,1009.8,
02-04-2024,17.6,13.9,30.1,0,,304,5.3,,1008.3,
03-04-2024,25,16.3,32.5,0,,13,7.1,,1009,
04-04-2024,23.8,16,32.6,0,,324,9.7,,1009.6,
05-04-2024,24.1,16.6,33,0,,309,8.5,,1009.1,
06-04-2024,24.2,14,33,0,,278,8.6,,1008.7,
07-04-2024,25.1,16,33.2,0,,313,8.1,,1008.1,
08-04-2024,25.4,16.4,34.5,0,,5,5.6,,1009.3,
09-04-2024,26.6,15.8,35.7,0,,331,5.8,,1010.1,
10-04-2024,27.4,18,36,0,,24,7.1,,1010.4,
11-04-2024,26.8,21,36,0,,42,11.3,,1012.4,
12-04-2024,27.8,17.3,35.5,0,,39,6.4,,1010.6,
13-04-2024,22.9,20,35.5,0.7,,22,12.7,,1010.6,
14-04-2024,23.6,17.4,31.8,0,,332,9.3,,1012.9,
15-04-2024,24.5,20.4,32,8.8,,52,10.2,,1011.8,
16-04-2024,24.3,17,33,0,,309,11.8,,1012,
17-04-2024,26.1,16,34,0,,264,7,,1009,
18-04-2024,28.2,23,33,0.5,,356,10.2,,1007.2,
19-04-2024,27.1,19.6,34,0.3,,88,14.9,,1003.7,
20-04-2024,25.8,17.8,35.3,1,,307,8.7,,1005.5,
21-04-2024,27.4,17.9,35.2,0,,277,8,,1006.1,
22-04-2024,27.8,19.4,36.2,0,,319,9,,1006.8,
23-04-2024,25.4,19.2,36.2,0.5,,331,11.5,,1007.3,
24-04-2024,28.6,19.5,36,1,,9,7.9,,1006.7,
25-04-2024,29.7,18,37.8,0,,346,8.3,,1006.6,
26-04-2024,28.6,20.4,39,0.4,,13,9.1,,1004.6,
27-04-2024,24.5,20.7,39,3.1,,1,10.5,,1007,
28-04-2024,27.2,19,36,0.3,,74,9.4,,1007.6,
29-04-2024,20.8,16,35.8,4.1,,69,15.2,,1008.4,
30-04-2024,23.1,13.2,33,10.9,,313,12.7,,1007.3,
01-05-2024,22.7,14,30,0,,271,7.9,,1004.8,
02-05-2024,26.3,16,35,0,,311,7.7,,1005.4,
03-05-2024,28.3,17.9,36,0,,332,7.8,,1005.8,
04-05-2024,30.6,22.4,38,0,,349,12.4,,1006.4,
05-05-2024,30.6,20,40.2,0,,310,12.9,,1002.7,
06-05-2024,31.9,23,40.2,0,,295,8.6,,1003.4,
07-05-2024,32.7,22,41.3,0,,329,7.1,,1004.7,
08-05-2024,32.9,22.2,42,0,,59,6.8,,1004.6,
09-05-2024,33.3,26,42,0,,115,13.2,,1004.3,
10-05-2024,31.2,26,39.4,0,,93,16.7,,1005.8,
11-05-2024,29.8,23.7,39.4,0,,257,9.8,,1008.9,
12-05-2024,27.9,25,36.7,0,,3,13.3,,1009.2,
13-05-2024,30.6,19.5,38.6,0,,325,9,,1009.2,
14-05-2024,31.7,22,40.2,0,,299,9.4,,1008.3,
15-05-2024,34.4,22.8,42,0,,317,6,,1007.6,
16-05-2024,35.4,26.8,42.5,0,,8,6.9,,1006.8,
17-05-2024,35.8,26.4,44,0,,296,7.2,,1003.5,
18-05-2024,35.9,26.6,44.3,0,,296,11,,1001.6,
19-05-2024,36.2,25.9,44.3,0,,299,7.5,,999.6,
20-05-2024,36.2,27,44,0,,303,6.8,,1000.3,
21-05-2024,35.3,25.6,44.5,0,,319,8.5,,1001.2,
22-05-2024,36.1,25.9,43.8,0,,113,7.5,,1001.2,
23-05-2024,35.7,31,43.5,0,,127,11.7,,1000.8,
24-05-2024,33.7,27.6,42.4,0,,99,11.8,,1001.1,
25-05-2024,34.3,24.3,43.4,1,,305,11,,1000.1,
26-05-2024,36.5,26.8,45.2,0,,320,8.1,,997.5,
27-05-2024,36.3,26,45.4,0,,303,8.3,,994.6,
28-05-2024,37.1,24.8,46.3,0,,303,7.1,,992.6,
29-05-2024,37.1,25.6,46.3,0,,64,7.7,,993.3,
30-05-2024,36.5,27.9,45.8,0,,33,7,,996.2,
31-05-2024,36.3,26.6,45.4,0,,98,6.6,,999,
01-06-2024,36.2,26.3,45.5,0,,336,8.6,,999.6,
02-06-2024,35.9,28.1,45.5,0,,252,8.8,,1001.7,
03-06-2024,36.5,26.6,45,0,,266,14.9,,1000.6,
04-06-2024,35.6,24.4,45.9,0.3,,190,8.1,,1000.3,
05-06-2024,32.6,25.6,43.2,0,,78,13.2,,1001.8,
06-06-2024,31.9,22.2,41.9,0.8,,324,10.2,,1005.3,
07-06-2024,32.9,24.6,40,0,,300,10,,1003,
08-06-2024,32.5,24.6,40.1,0,,287,10.6,,1001.8,
09-06-2024,34.4,24.2,42.7,0,,285,10.6,,1001,
10-06-2024,35.9,24.4,43.2,0,,278,7.7,,1000.8,
11-06-2024,37,27,45.1,0,,264,8.2,,999.8,
12-06-2024,38.1,28.2,46,0,,305,8.2,,999.4,
13-06-2024,36.9,29,46,0,,265,10.7,,998.5,
14-06-2024,37.1,26.6,45.2,0,,330,7.4,,997.9,
15-06-2024,37.9,30.4,44.8,0,,263,10.9,,998,
16-06-2024,38.2,30.7,45.8,0,,251,11.1,,998.1,
17-06-2024,38.4,30.6,45.8,0,,215,10.7,,998,
18-06-2024,38.1,31,45.8,0,,260,8.7,,996.3,
19-06-2024,34.5,29,45.4,0,,202,12.4,,993.6,
20-06-2024,29.8,25.4,44,1.8,,83,15,,997,
21-06-2024,31.5,25.5,36.1,0.6,,242,7.3,,999.7,
22-06-2024,34,27.5,39.4,0,,184,6.2,,999,
23-06-2024,36,28.6,41.8,0,,161,8.3,,999.3,
24-06-2024,36.8,29.1,43,0,,145,7.7,,997.4,
25-06-2024,36.8,30.4,43,0,,155,9.5,,996.1,
26-06-2024,36.8,32.8,42.3,0,,157,12.7,,996.7,
27-06-2024,31.4,27.6,35.6,0.5,,120,14.7,,1000.4,
28-06-2024,35.2,29.4,39,0,,131,10.8,,998.8,
29-06-2024,34.3,30.1,39,0,,129,7.8,,996.8,
30-06-2024,30.2,24,39.7,39.9,,131,10.4,,996.2,
01-07-2024,32.2,25.4,36.3,7.1,,116,9.5,,994,
02-07-2024,34.9,28,39.4,0.5,,137,9.6,,992.4,
03-07-2024,33.3,30,39.4,0,,125,16.7,,994.5,
04-07-2024,30.6,25.6,38.2,5.1,,107,13.8,,998.9,
05-07-2024,30.8,24,35.2,0,,129,8.8,,995.8,
06-07-2024,27.4,21.9,35.2,23.1,,79,9.5,,995.5,
07-07-2024,30.4,27.4,33,0,,108,7.6,,998.6,
08-07-2024,33.2,28.4,37.3,0.9,,133,5.3,,1001.1,
09-07-2024,33.7,27.4,38,0,,190,6.2,,1002.1,
10-07-2024,30.9,24,38,0,,130,6.6,,1001.7,
11-07-2024,33.7,27.6,38.1,1.5,,290,4.5,,997.8,
12-07-2024,26.3,23,38.1,4.1,,112,11.4,,996.3,
13-07-2024,31,25,35,0,,229,5.5,,997.7,
14-07-2024,32.5,28.2,36.2,0,,233,4.6,,997.3,
15-07-2024,33.4,29.2,37.7,0,,103,4.7,,999.5,
16-07-2024,34.3,30.8,38.7,0,,169,5.1,,1000.3,
17-07-2024,34.3,30.8,38.7,1.2,,187,6.9,,999.7,
18-07-2024,31.3,27.5,38.3,6,,49,11.7,,998.9,
19-07-2024,34.2,29.4,38.2,0,,38,6.1,,997.3,
20-07-2024,34.5,31,38.6,0.8,,134,7,,997.9,
21-07-2024,33.3,28.2,38.6,5.7,,93,8.5,,997.8,
22-07-2024,32.4,26.4,38.8,1.9,,86,9.2,,998.1,
23-07-2024,30.7,24.9,36.6,10.9,,50,11.5,,997.6,
24-07-2024,33.4,26.4,37.8,0,,37,5.5,,993.6,
25-07-2024,33.9,30.8,37.8,6.9,,131,8.6,,992.8,
26-07-2024,33.3,25.8,37.2,26.9,,95,7.2,,994.3,
27-07-2024,31.8,27,36.8,0.8,,95,8.4,,996.6,
28-07-2024,32.6,31,35.8,14.2,,69,8.1,,997.7,
29-07-2024,31.7,28.4,37.2,0,,81,7.9,,998,
30-07-2024,33.3,29.8,38.1,1,,82,6.8,,999.2,
31-07-2024,33.4,30.6,38.1,0,,196,5.6,,997.5,
01-08-2024,28.3,25.8,37.2,89.9,,74,11.6,,998.8,
02-08-2024,31.6,27.6,35.7,10.9,,87,6,,997.8,
03-08-2024,31.2,28,35.7,0,,79,12.1,,999.4,
04-08-2024,30.5,28.6,35,6.8,,71,9.2,,1001.5,
05-08-2024,32,28,36.1,0,,111,7.1,,1001.1,
06-08-2024,31.9,29.4,36.1,0,,100,6.7,,999,
07-08-2024,30.7,29.8,35.4,4.2,,116,8.5,,999.6,
08-08-2024,31.1,25.5,34.4,1.2,,94,8.6,,1002.1,
09-08-2024,30.9,26.5,34.6,10.9,,78,7.8,,1002.8,
10-08-2024,31.4,29.6,34.4,5.6,,110,7.3,,1001.4,
11-08-2024,27.1,23.6,34.9,57.9,,95,9.6,,1000.7,
12-08-2024,29.7,26,33,9.6,,96,6,,1003,
13-08-2024,31.6,28.4,35,6.1,,129,6,,1003.4,
14-08-2024,32.4,28.7,36.6,0,,145,5.9,,1003.2,
15-08-2024,29.8,28.8,36.6,5.9,,86,10,,1002.6,
16-08-2024,31.4,27.6,35,20.5,,70,6.6,,1001.8,
17-08-2024,28.7,26.4,35.9,15,,57,8.6,,1004.4,
18-08-2024,29.6,27,35,39.1,,269,6.1,,1004.2,
19-08-2024,29.4,27.8,35,0,,202,5.4,,1003.3,
20-08-2024,30.2,27,33.4,6.2,,116,7.6,,1003.2,
21-08-2024,29.7,23.2,34.3,17,,356,6.4,,1004.7,
22-08-2024,31,27.8,34.6,0.3,,287,4.3,,1003.3,
23-08-2024,31.7,28,37,0.3,,176,5.4,,1003.7,
24-08-2024,31,26.6,35.6,1.1,,116,6.2,,1004.1,
25-08-2024,31.6,27.5,35.8,0,,104,4.3,,1002.1,
26-08-2024,30.7,27.9,36.6,5.7,,70,7.8,,1002,
27-08-2024,28,25.8,36.6,1.8,,52,12.1,,1004.6,
28-08-2024,28.7,25.4,32.8,,,,8.2,,,
29-08-2024,25.6,23.2,32.4,3,,89,15,,,
30-08-2024,29.7,23,35.2,20.1,,78,7,,,
31-08-2024,30.3,25.9,35.2,0,,,8.3,,,
01-09-2024,31.4,27,35.3,,,,4.7,,,
02-09-2024,30.2,28.8,35.3,,,,6.8,,,
03-09-2024,27.4,24,34.8,21.1,,,7.9,,,
04-09-2024,29.6,25,34.3,2,,301,5.4,,1003.6,
05-09-2024,30.6,26.8,34.9,0,,231,4.1,,1001.4,
06-09-2024,30,26,34.9,8.5,,90,5.9,,1003.3,
07-09-2024,29.6,25.4,34.5,0.8,,53,7.2,,1004.9,
08-09-2024,30.5,25.9,34.5,0,,329,4.6,,1004.6,
09-09-2024,31,24.6,36,0.3,,279,5.4,,1002,
10-09-2024,29.6,26.8,35.1,12.9,,57,5.9,,1001.9,
11-09-2024,29.4,24.4,34.1,0.1,,17,6,,1002,
12-09-2024,29.6,25,36.1,0,,252,7,,999.9,
13-09-2024,28.6,25,36.1,0,,160,7.5,,1000.1,
14-09-2024,28.6,24,33.8,0,,118,8,,1002,
15-09-2024,28.9,23.9,33.4,0,,320,5.7,,1003,
16-09-2024,30.2,24.7,34.3,0,,261,5,,1004.6,
17-09-2024,30.2,25.3,34.8,0,,264,6.3,,1005.7,
18-09-2024,30.3,25.4,34.8,0,,73,6.6,,1005.7,
19-09-2024,26.3,24.4,35,1.2,,169,6.3,,1006.3,
20-09-2024,28.5,21.9,34,0,,235,4.4,,1005.5,
21-09-2024,30.3,25,34.6,0,,247,5.2,,1006.4,
22-09-2024,30,25.6,34.6,0,,265,5.6,,1005.8,
23-09-2024,30.8,26.8,36,0,,298,6.3,,1005.6,
24-09-2024,31.3,26.7,36,0,,280,4.6,,1003.9,
25-09-2024,30.7,26.6,36.8,0,,128,4.5,,1004.1,
26-09-2024,28.7,27,35.4,2.9,,125,8.6,,1004.1,
27-09-2024,25.4,23.8,32.1,0,,60,8.9,,1004.6,
28-09-2024,25.4,23,30.8,11.4,,54,8,,1006.6,
29-09-2024,28.3,22.6,32.4,0,,20,5.9,,1009.2,
30-09-2024,29,22.8,33,0,,293,6.6,,1008.1,
01-10-2024,27.9,23.4,34.4,0,,320,6,,1004.7,
02-10-2024,28.9,23.3,35.2,0,,54,5,,1004.5,
03-10-2024,29.3,23.6,35.2,0,,41,4.5,,1003.8,
04-10-2024,29.5,24.4,35.8,0,,91,4.5,,1004.7,
05-10-2024,28.1,22,35.8,2.3,,129,9.2,,1007,
06-10-2024,24.1,19.2,35,17,,294,10.5,,1012,
07-10-2024,26.7,20,31.6,0,,295,4.3,,1013.4,
08-10-2024,25.6,20.6,31.6,1.3,,321,6.2,,1013,
09-10-2024,24.4,19,31.5,0,,292,8.2,,1011.2,
10-10-2024,24.6,18.6,31.8,0,,300,6.6,,1010.4,
11-10-2024,24.9,18,32,0,,314,5.4,,1010.1,
12-10-2024,25.9,19,33.2,0,,310,3.8,,1010.2,
13-10-2024,25.9,18.8,33.2,0,,329,2.9,,1011.2,
14-10-2024,25.2,20,32.8,0,,288,5.7,,1012.1,
15-10-2024,25.1,18.8,33.1,0,,282,6.6,,1010.9,
16-10-2024,25.4,19,33.2,0,,109,5.7,,1009.4,
17-10-2024,25.7,19.2,33.5,0,,91,6.3,,1010.1,
18-10-2024,25.8,19.6,33.4,0,,65,6.5,,1010.2,
19-10-2024,25.6,19.8,32.6,0,,24,3.9,,1010.8,
20-10-2024,25.3,19.8,32.1,0,,46,3.9,,1012.3,
21-10-2024,25.6,21,32.1,0,,348,3.1,,1012.8,
22-10-2024,25.1,20,31.2,0,,357,3.2,,1013.8,
23-10-2024,24.7,20,31.2,0,,313,6.1,,1013.7,
24-10-2024,24.1,18,32,0,,298,10.1,,1012.4,
25-10-2024,23.2,16,32.3,0,,307,6.9,,1010.9,
26-10-2024,24,17,32.6,0,,298,6.1,,1010.3,
27-10-2024,24.2,17.4,32.8,0,,72,5.9,,1009.7,
28-10-2024,24.8,18.6,31.6,0,,83,7.5,,1008.8,
29-10-2024,25.4,19.7,31.5,0,,67,7.7,,1009.3,
30-10-2024,24.4,20,32.6,0,,341,7.3,,1010.7,
31-10-2024,23.4,18,32.6,0,,296,8.3,,1012,
01-11-2024,22.5,16,32,0,,280,5.2,,1011.9,
02-11-2024,22.6,15.4,31.9,0,,40,3.1,,1013.4,
03-11-2024,22.4,16.9,31,0,,1,3.6,,1014.7,
04-11-2024,22.5,15.7,31,0,,297,3.8,,1012.8,
05-11-2024,22.6,17,30.4,0,,72,4.5,,1015.3,
06-11-2024,22.2,16.9,29.4,0,,13,2.3,,1015.3,
07-11-2024,21.9,16.8,29.2,0,,80,4.3,,1014.5,
08-11-2024,21.6,17,28.1,0,,77,5,,1014.3,
09-11-2024,20.6,16.6,27.2,0,,65,5.4,,1014.7,
10-11-2024,21.5,17,27,0,,76,3.6,,1015,
11-11-2024,21.1,17.5,26.9,2.3,,72,7.5,,1014,
12-11-2024,20.8,16.8,26,0,,348,4.9,,1014.2,
13-11-2024,18.7,16.5,26,0,,277,4.3,,1013.3,
14-11-2024,17.8,15.8,24,0,,37,6.6,,1015.8,
15-11-2024,16.4,14.2,22.4,0,,332,4.3,,1015.3,
16-11-2024,15.8,14,20.9,0,,317,3.4,,1013.9,
17-11-2024,17,13.4,23.4,0,,305,4.6,,1014.9,
18-11-2024,17.3,13,25,0,,300,6.3,,1015.8,
19-11-2024,16.8,9,26,0,,306,4.9,,1016.9,
20-11-2024,17.1,10,26,0,,289,5.2,,1015.6,
21-11-2024,17,11,26,0,,79,4.3,,1015.2,
22-11-2024,18.2,11.6,26,0,,96,5.1,,1014.7,
23-11-2024,18.1,12.6,26,0,,73,7.4,,1014.8,
24-11-2024,17.7,14,25.1,0,,16,5.3,,1015.4,
25-11-2024,17.1,11,25.3,0,,302,5.6,,1015.4,
26-11-2024,16.9,10.8,25.6,0,,315,4.4,,1015.3,
27-11-2024,16.9,9.5,25.8,0,,301,3,,1014.9,
28-11-2024,16.2,9.3,25.7,0,,12,2.8,,1016.9,
29-11-2024,16.7,9.7,24.9,0,,353,4.6,,1017.8,
30-11-2024,16.5,11,24.4,0.7,,303,5.9,,1015.9,
01-12-2024,16.9,11,24,0,,306,5.8,,1014,
02-12-2024,17.2,10.3,25.2,0,,334,5,,1014.4,
03-12-2024,17,13,25.2,0,,308,8.4,,1016.7,
04-12-2024,15.6,11,24.4,0,,301,8,,1015.8,
05-12-2024,14.7,8,24,0,,309,5.2,,1014.6,
06-12-2024,14.7,6.9,23.4,0,,308,4.9,,1013.6,
07-12-2024,14.2,7,22.8,0,,61,4.3,,1012.8,
08-12-2024,13.7,8,22.8,6.6,,72,10.2,,1012.7,
09-12-2024,11.4,7,21.2,0.3,,6,5.8,,1016.7,
10-12-2024,10.8,2,19.2,0,,305,6.8,,1018.6,
11-12-2024,12.2,4.4,19.2,0,,306,6.9,,1017.1,
12-12-2024,11.1,5,20,,,,,,,
13-12-2024,11.5,4,21,,,285,10.6,,,
14-12-2024,11.7,3.8,20.4,0,,308,8,,1018.3,
15-12-2024,11.2,3.9,21.4,0,,316,3,,1019.4,
16-12-2024,9.9,2.4,21.4,0,,339,3.6,,1018.5,
17-12-2024,10.3,2.6,19.2,0,,333,4.6,,1017.2,
18-12-2024,11.4,4,20,0,,324,4,,1016.1,
19-12-2024,10.8,4.2,20.2,0,,53,3.7,,1016.1,
20-12-2024,11.5,7,18.8,0,,352,6.9,,1017.3,
21-12-2024,11.1,4.7,19.3,0,,326,4.4,,1016.5,
22-12-2024,11.6,7,19.3,0,,31,4.6,,1015.8,
23-12-2024,12.1,6,19.3,4.9,,40,8,,1017.6,
24-12-2024,11.8,7,19,0,,316,6.8,,1018.5,
25-12-2024,12,5.4,20,0,,319,5.9,,1020.1,
26-12-2024,12.2,6,20.6,0,,299,4.6,,1020.9,
27-12-2024,11.6,6.9,20.8,5.6,,22,6.6,,1020.1,
28-12-2024,12.3,10.2,15,3.6,,310,5.9,,1020,
29-12-2024,10.3,7.5,16.7,0,,300,9.8,,1022,
30-12-2024,9.7,7.3,16.7,0,,266,7.9,,1020.4,
31-12-2024,10.6,9,13,0,,298,5.6,,1021.3,
01-01-2025,8.2,6.8,13,0,,302,5.9,,1019.9,
02-01-2025,9.6,5.8,14.1,0,,310,3.2,,1018.9,
03-01-2025,10.6,7.2,16.4,0,,338,2.3,,1018.5,
04-01-2025,11.1,7.6,17,0,,45,5.5,,1015.7,
05-01-2025,11.8,7.9,17.2,3,,97,7.8,,1015.7,
06-01-2025,10.4,8.8,17.2,0,,278,7.3,,1018.1,
07-01-2025,10.3,6.6,17.1,0,,259,5.3,,1018.3,
08-01-2025,10.1,4,18,0,,318,5.9,,1015.7,
09-01-2025,8.6,4.8,17.8,0,,69,5,,1018.3,
10-01-2025,9.2,5,15.7,0,,89,5.9,,1020.3,
11-01-2025,11.6,9.6,14,1.7,,67,8.6,,1019.2,
12-01-2025,12.5,10,18.1,5.1,,52,10.5,,1021.1,
13-01-2025,11.1,4.7,19,0,,315,7.5,,1020,
14-01-2025,10.8,5,19.1,0,,305,3.6,,1019.1,
15-01-2025,11.1,2.8,19.3,0,,14,3.9,,1020.1,
16-01-2025,9.4,7.2,19.3,0,,101,6.4,,1022,
17-01-2025,10.1,7,17.2,0,,300,7.3,,1021.9,
18-01-2025,11.8,7.4,18.6,0.4,,352,4.3,,1018.4,
19-01-2025,10.7,4.8,18.8,0,,352,5.3,,1018.3,
20-01-2025,13.4,8,22.3,0,,302,8.3,,1016.3,
21-01-2025,12.8,8,22.3,0,,288,7.1,,1015,
22-01-2025,13.4,8,22,0,,287,8.2,,1014.1,
23-01-2025,12.6,6.1,21.8,0,,287,8,,1016.2,
24-01-2025,12.1,5.2,20.6,0,,278,7.8,,1015.7,
25-01-2025,12.2,5,21,0,,287,6.6,,1014.4,
26-01-2025,11.7,4,21.4,0,,280,6.7,,1014.3,
27-01-2025,12.5,5,21,0,,301,5.3,,1013.2,
28-01-2025,12.7,4.1,23,0,,311,5.3,,1012.4,
29-01-2025,15.1,7,23,0,,65,9,,1014.5,
30-01-2025,14.3,8.4,22.1,0,,357,5.9,,1012,
31-01-2025,14.7,8,22.1,0,,59,4.9,,1010.8,
01-02-2025,13.6,10.5,21.8,0.1,,71,6,,1014.4,
02-02-2025,12.8,10,19.6,0,,307,5,,1016.4,
03-02-2025,11.6,5,21,0,,170,5.6,,1014.7,
04-02-2025,12.1,6.5,21,0.3,,12,6.8,,1016,
05-02-2025,12.7,7,20.2,0,,341,4.9,,1016,
06-02-2025,12.4,5.1,20.4,0,,317,8.5,,1018.7,
07-02-2025,12.5,6,21,0,,274,8.9,,1017.1,
08-02-2025,13.7,7,22,0,,301,6.9,,1015.7,
09-02-2025,14.9,7,23.2,0,,327,5.2,,1014.7,
10-02-2025,15.3,8.4,23.4,0,,9,4.6,,1014.1,
11-02-2025,16,10,24,0,,344,7.4,,1014.5,
12-02-2025,14.4,7,23.8,0,,282,10.3,,1015.7,
13-02-2025,14,7.2,23.1,0,,278,9.6,,1015.8,
14-02-2025,14.7,6.6,22.8,0,,294,7.3,,1013.8,
15-02-2025,17.2,12,24,1.2,,270,7.8,,1011.5,
16-02-2025,17.1,9.6,24.2,0,,16,5.2,,1013.4,
17-02-2025,16.9,9,25,0,,338,7.1,,1016.1,
18-02-2025,16.7,7.9,25.5,0,,312,6.5,,1015.3,
19-02-2025,17.3,8.4,25.5,3.2,,280,6.3,,1012.9,
20-02-2025,12.3,9,24.3,6.1,,54,12.1,,1014.6,
21-02-2025,13.2,6.1,20.8,30,,309,7.3,,1018.5,
22-02-2025,15.6,11,22.4,0,,277,7.4,,1016.7,
23-02-2025,16.4,10,24,0,,325,5.3,,1017.6,
24-02-2025,16.9,10.5,25,0,,323,6.1,,1018.7,
25-02-2025,16.8,13.8,24.7,0.5,,36,9,,1019.1,
26-02-2025,20,15.8,26,11.3,,106,11.8,,1017.6,
27-02-2025,17.6,16,25.7,0,,112,13.3,,1014,
28-02-2025,16.7,12,21.2,23.5,,57,9.1,,1011.3,
01-03-2025,15.9,10,22,0,,339,8,,1015.2,
02-03-2025,14.9,8.3,23.2,0,,287,7.2,,1013.2,
03-03-2025,15.6,12,23.2,0.5,,56,11.6,,1011.8,
04-03-2025,14.7,11,21,0.1,,302,12.1,,1015.3,
05-03-2025,14.4,7,22,0,,274,15.5,,1015.2,
06-03-2025,16,8,24,0,,297,6.1,,1012.4,
07-03-2025,17.6,9.8,26,0,,318,8.3,,1011,
08-03-2025,18.5,11,26,0,,295,8.5,,1008.9,
09-03-2025,19.4,12,27,0,,86,6.5,,1012.7,
10-03-2025,20.5,16.3,25.7,0,,62,11.9,,1015.4,
